smile,head_pitch,head_roll,head_yaw,gender,age,moustache,beard,sideburns,glasses,anger,contempt,disgust,fear,happiness,neutral,sadness,surprise,blurLevel,blurvalue,exposureLevel,exposurevalue,noiseLevel,noisevalue,eyeMakeup,lipMakeup,foreheadOccluded,eyeOccluded,mouthOccluded,bald,invisible
0.001,0.0,-0.5,-6.7,male,36.7,0.2,0.1,0.1,NoGlasses,0.0,0.84,0.021,0.001,0.001,0.064,0.073,0.0,low,0.1,overExposure,0.82,low,0.09,False,False,True,False,False,0.0,True
0.0,0.0,11.1,3.3,male,33.6,0.5,0.7,0.5,NoGlasses,0.015,0.002,0.0,0.0,0.0,0.165,0.818,0.0,medium,0.43,goodExposure,0.63,low,0.0,True,False,False,False,True,0.02,False
0.01,0.0,-10.3,10.0,male,30.4,0.2,0.1,0.0,NoGlasses,0.001,0.004,0.005,0.013,0.01,0.756,0.033,0.178,low,0.0,goodExposure,0.5,medium,0.45,True,True,False,False,False,0.91,False
0.0,0.0,2.2,4.8,male,55.1,0.3,0.2,0.1,NoGlasses,0.002,0.005,0.013,0.014,0.0,0.634,0.196,0.135,medium,0.62,goodExposure,0.6,high,0.84,False,False,False,False,False,0.15,False
0.009,0.0,-11.6,-10.9,male,31.9,0.1,0.0,0.0,NoGlasses,0.038,0.012,0.111,0.098,0.009,0.413,0.115,0.205,low,0.0,goodExposure,0.56,low,0.0,True,False,False,False,False,0.0,False
0.305,0.0,3.3,-0.3,female,26.9,0.0,0.0,0.0,NoGlasses,0.0,0.007,0.0,0.0,0.305,0.626,0.06,0.001,medium,0.71,goodExposure,0.49,low,0.0,False,True,False,False,False,0.04,False
0.0,0.0,-6.7,23.4,female,24.3,0.0,0.0,0.0,NoGlasses,0.0,0.0,0.0,0.0,0.0,0.955,0.044,0.0,medium,0.42,overExposure,0.95,medium,0.38,True,True,False,False,False,0.01,False
0.0,0.0,10.0,2.1,male,30.4,0.1,0.2,0.4,NoGlasses,0.0,0.0,0.0,0.0,0.0,1.0,0.0,0.0,high,1.0,goodExposure,0.39,high,0.94,False,False,False,False,False,0.03,False
0.046,0.0,-2.1,-8.1,male,26.2,0.2,0.3,0.0,NoGlasses,0.001,0.038,0.0,0.0,0.046,0.911,0.003,0.0,medium,0.36,goodExposure,0.74,low,0.07,False,True,False,False,False,0.01,False
1.0,0.0,-9.5,0.4,female,42.0,0.0,0.0,0.0,NoGlasses,0.0,0.0,0.0,0.0,1.0,0.0,0.0,0.0,low,0.1,goodExposure,0.65,low,0.0,True,False,False,False,False,0.0,False
0.005,0.0,-3.5,0.0,female,45.9,0.0,0.0,0.0,NoGlasses,0.012,0.008,0.001,0.037,0.005,0.553,0.011,0.374,medium,0.37,goodExposure,0.64,low,0.0,True,True,False,False,False,0.01,False
0.607,0.0,-1.6,9.1,male,57.6,0.0,0.5,0.2,NoGlasses,0.225,0.0,0.001,0.017,0.607,0.001,0.0,0.149,low,0.02,goodExposure,0.29,low,0.04,True,True,False,False,False,0.42,False
0.0,0.0,25.7,-1.3,female,23.0,0.0,0.0,0.0,NoGlasses,0.0,0.0,0.0,0.0,0.0,0.993,0.007,0.0,low,0.14,goodExposure,0.46,low,0.0,True,True,False,False,False,0.01,False
0.0,0.0,33.0,18.4,female,31.3,0.0,0.0,0.0,NoGlasses,0.001,0.001,0.0,0.0,0.0,0.538,0.46,0.0,low,0.0,goodExposure,0.58,medium,0.51,True,True,False,False,False,0.01,False
1.0,0.0,-2.7,-7.9,male,23.4,0.2,0.1,0.1,NoGlasses,0.0,0.0,0.0,0.0,1.0,0.0,0.0,0.0,medium,0.33,overExposure,0.76,low,0.0,True,True,False,False,False,0.01,False
0.051,0.0,-15.8,0.4,male,32.1,0.5,0.3,0.3,NoGlasses,0.0,0.001,0.003,0.0,0.051,0.909,0.004,0.031,low,0.19,goodExposure,0.58,low,0.06,False,False,False,False,False,0.47,False
0.172,0.0,-11.2,-4.4,female,68.5,0.0,0.0,0.0,NoGlasses,0.047,0.012,0.012,0.004,0.172,0.589,0.01,0.154,medium,0.37,goodExposure,0.65,low,0.08,True,False,False,False,False,0.02,False
0.789,0.0,-1.4,-17.6,female,25.7,0.0,0.0,0.0,NoGlasses,0.001,0.0,0.001,0.001,0.789,0.001,0.205,0.002,medium,0.49,goodExposure,0.62,medium,0.36,True,True,False,False,False,0.01,False
0.0,0.0,10.1,-1.0,male,59.1,0.6,0.6,0.2,NoGlasses,0.0,0.002,0.0,0.0,0.0,0.998,0.0,0.0,medium,0.45,goodExposure,0.51,medium,0.59,False,False,False,False,False,0.03,False
0.49,0.0,2.1,0.1,female,26.1,0.0,0.0,0.0,NoGlasses,0.015,0.004,0.014,0.009,0.49,0.162,0.001,0.304,low,0.18,goodExposure,0.56,low,0.12,True,True,False,False,False,0.01,False
0.668,0.0,-7.9,-0.9,male,46.2,0.7,0.5,0.3,NoGlasses,0.0,0.037,0.001,0.0,0.668,0.291,0.004,0.0,low,0.19,goodExposure,0.57,medium,0.32,False,False,False,False,False,0.31,False
0.998,0.0,-3.3,2.4,male,33.8,0.1,0.0,0.2,ReadingGlasses,0.0,0.0,0.0,0.0,0.998,0.0,0.001,0.0,low,0.0,goodExposure,0.38,medium,0.41,False,False,False,False,False,0.04,False
0.0,0.0,-3.3,-5.9,male,68.9,0.0,0.0,0.1,NoGlasses,0.03,0.0,0.0,0.0,0.0,0.967,0.002,0.0,medium,0.25,goodExposure,0.33,low,0.0,False,False,False,False,False,0.97,False
0.004,0.0,-1.2,5.0,male,15.3,0.0,0.0,0.0,NoGlasses,0.023,0.133,0.13,0.089,0.004,0.16,0.363,0.098,high,0.76,goodExposure,0.63,low,0.0,False,False,False,False,False,1.0,False
0.006,0.0,6.9,-5.5,male,29.8,0.3,0.2,0.2,NoGlasses,0.001,0.013,0.003,0.0,0.006,0.772,0.192,0.013,medium,0.37,goodExposure,0.6,low,0.2,False,False,False,False,False,0.01,False
1.0,0.0,-2.1,-0.8,male,43.0,0.3,0.2,0.2,NoGlasses,0.0,0.0,0.0,0.0,1.0,0.0,0.0,0.0,low,0.0,goodExposure,0.52,low,0.11,False,False,False,False,False,0.97,False
0.564,0.0,-1.2,-6.0,male,61.9,0.7,0.8,0.6,NoGlasses,0.0,0.002,0.0,0.0,0.564,0.433,0.0,0.0,low,0.01,goodExposure,0.69,low,0.26,False,False,False,False,False,0.01,False
0.0,0.0,8.8,5.8,female,32.6,0.0,0.0,0.0,NoGlasses,0.0,0.001,0.0,0.0,0.0,0.859,0.139,0.0,low,0.21,goodExposure,0.67,low,0.29,False,False,False,False,False,0.04,False
0.053,0.0,-7.3,14.2,male,48.9,0.1,0.1,0.1,NoGlasses,0.004,0.021,0.002,0.0,0.053,0.903,0.017,0.001,medium,0.38,goodExposure,0.45,low,0.0,False,False,False,False,False,0.56,False
0.839,0.0,-11.4,18.9,female,28.9,0.0,0.0,0.0,NoGlasses,0.0,0.002,0.0,0.0,0.839,0.157,0.002,0.0,low,0.0,goodExposure,0.72,low,0.17,True,True,False,False,False,0.1,False
0.001,0.0,8.3,11.8,male,28.1,0.5,0.4,0.3,NoGlasses,0.001,0.028,0.016,0.0,0.001,0.913,0.005,0.035,medium,0.34,goodExposure,0.57,low,0.0,False,False,True,False,False,0.0,True
0.0,0.0,-1.7,2.2,male,35.0,0.5,0.4,0.1,NoGlasses,0.0,0.002,0.0,0.0,0.0,0.996,0.002,0.0,medium,0.37,goodExposure,0.71,low,0.0,False,False,False,False,False,0.98,False
0.0,0.0,-0.3,-3.9,female,35.2,0.0,0.0,0.0,NoGlasses,0.0,0.002,0.0,0.0,0.0,0.983,0.015,0.0,low,0.0,goodExposure,0.61,low,0.0,False,False,False,False,False,0.01,False
0.445,0.0,0.7,-5.2,female,15.2,0.0,0.0,0.0,NoGlasses,0.0,0.002,0.001,0.003,0.445,0.516,0.029,0.003,low,0.0,goodExposure,0.64,medium,0.43,True,True,False,False,False,0.0,False
0.008,0.0,-4.1,8.7,female,33.0,0.0,0.0,0.0,NoGlasses,0.005,0.023,0.001,0.002,0.008,0.944,0.013,0.003,medium,0.62,goodExposure,0.73,low,0.0,True,False,False,False,False,0.0,False
0.0,0.0,-12.1,12.4,female,21.6,0.0,0.0,0.0,NoGlasses,0.001,0.001,0.001,0.001,0.0,0.882,0.027,0.087,low,0.14,goodExposure,0.71,low,0.23,True,True,False,False,False,0.01,False
0.0,0.0,1.0,2.9,male,35.9,0.7,0.4,0.2,NoGlasses,0.0,0.002,0.0,0.0,0.0,0.989,0.008,0.0,medium,0.29,goodExposure,0.64,medium,0.65,False,False,False,False,False,0.06,False
0.0,0.0,0.0,-0.3,female,21.6,0.0,0.0,0.0,NoGlasses,0.0,0.0,0.0,0.002,0.0,0.979,0.012,0.007,high,1.0,goodExposure,0.47,low,0.0,True,True,False,False,False,0.01,False
0.004,0.0,0.0,5.2,male,28.8,0.3,0.5,0.3,NoGlasses,0.0,0.0,0.0,0.0,0.004,0.598,0.397,0.001,low,0.24,goodExposure,0.74,medium,0.51,True,False,False,True,True,0.96,False
0.0,0.0,-0.1,-4.2,male,30.2,0.5,0.2,0.5,NoGlasses,0.004,0.0,0.001,0.0,0.0,0.971,0.023,0.0,medium,0.27,goodExposure,0.54,low,0.28,False,False,False,False,False,0.02,False
0.0,0.0,-0.5,2.0,male,31.8,0.0,0.2,0.0,NoGlasses,0.001,0.013,0.0,0.0,0.0,0.972,0.013,0.0,medium,0.28,goodExposure,0.55,medium,0.44,False,False,False,False,False,0.04,False
0.0,0.0,-4.5,-4.4,male,29.0,0.3,0.3,0.0,NoGlasses,0.0,0.003,0.001,0.0,0.0,0.977,0.016,0.002,medium,0.3,goodExposure,0.61,medium,0.46,False,False,False,False,False,0.01,False
0.016,0.0,32.7,-3.2,female,20.5,0.0,0.0,0.0,NoGlasses,0.006,0.003,0.021,0.003,0.016,0.803,0.135,0.013,medium,0.6,goodExposure,0.7,medium,0.61,True,True,False,False,False,0.0,False
0.0,0.0,-0.2,-3.2,male,50.0,0.3,0.3,0.1,NoGlasses,0.0,0.0,0.0,0.0,0.0,0.991,0.009,0.0,medium,0.5,goodExposure,0.71,low,0.23,False,False,False,False,False,0.31,False
0.051,0.0,-15.8,0.4,male,32.1,0.5,0.3,0.3,NoGlasses,0.0,0.001,0.003,0.0,0.051,0.909,0.004,0.031,low,0.19,goodExposure,0.58,low,0.06,False,False,False,False,False,0.47,False
0.001,0.0,2.6,5.6,male,58.1,0.6,0.2,0.2,NoGlasses,0.025,0.036,0.041,0.001,0.001,0.557,0.337,0.001,medium,0.43,goodExposure,0.58,medium,0.34,False,False,False,False,False,0.96,False
0.099,0.0,-0.8,-6.6,male,30.8,0.2,0.2,0.2,NoGlasses,0.0,0.021,0.001,0.0,0.099,0.857,0.02,0.001,low,0.0,goodExposure,0.67,high,0.74,True,True,True,False,False,0.09,False
0.0,0.0,1.3,-2.2,male,47.0,0.1,0.1,0.1,ReadingGlasses,0.004,0.002,0.0,0.0,0.0,0.917,0.078,0.0,high,0.79,goodExposure,0.59,low,0.28,False,False,False,False,False,0.94,False
0.0,0.0,-2.6,-2.2,male,25.3,0.3,0.5,0.6,NoGlasses,0.0,0.002,0.0,0.0,0.0,0.5,0.497,0.0,high,0.81,goodExposure,0.63,low,0.0,False,False,False,False,False,0.0,False
0.013,0.0,-5.2,7.1,male,43.0,0.1,0.0,0.0,NoGlasses,0.003,0.028,0.016,0.003,0.013,0.619,0.021,0.298,high,1.0,goodExposure,0.74,low,0.11,False,False,False,False,False,0.64,False
1.0,0.0,2.9,7.4,male,34.3,0.4,0.3,0.0,NoGlasses,0.0,0.0,0.0,0.0,1.0,0.0,0.0,0.0,high,0.76,goodExposure,0.64,low,0.0,False,False,False,False,False,0.09,False
0.0,0.0,-9.0,3.6,male,46.5,0.0,0.0,0.0,NoGlasses,0.001,0.031,0.001,0.0,0.0,0.646,0.322,0.0,medium,0.55,goodExposure,0.67,medium,0.69,False,False,False,False,False,0.92,False
0.0,0.0,-2.8,0.9,female,25.0,0.0,0.0,0.0,NoGlasses,0.0,0.002,0.0,0.001,0.0,0.347,0.649,0.001,low,0.23,goodExposure,0.49,low,0.09,False,True,False,False,False,0.02,False
0.0,0.0,1.2,-2.5,male,29.7,0.1,0.1,0.3,NoGlasses,0.0,0.0,0.0,0.0,0.0,0.999,0.001,0.0,medium,0.35,goodExposure,0.66,low,0.28,False,False,False,False,False,0.0,False
0.013,0.0,1.1,3.7,female,21.1,0.0,0.0,0.0,NoGlasses,0.004,0.018,0.003,0.0,0.013,0.468,0.491,0.001,medium,0.41,goodExposure,0.57,medium,0.5,True,True,False,False,False,0.16,False
0.0,0.0,1.6,8.3,male,48.9,0.0,0.0,0.1,NoGlasses,0.038,0.018,0.047,0.002,0.0,0.667,0.224,0.004,low,0.02,goodExposure,0.65,medium,0.61,False,False,False,False,False,0.99,False
1.0,0.0,-3.3,0.1,male,25.8,0.0,0.3,0.3,NoGlasses,0.0,0.0,0.0,0.0,1.0,0.0,0.0,0.0,medium,0.4,goodExposure,0.71,medium,0.32,True,False,False,False,False,0.01,False
0.009,0.0,1.6,18.4,male,30.0,0.2,0.1,0.0,ReadingGlasses,0.0,0.005,0.0,0.0,0.009,0.984,0.001,0.0,low,0.04,goodExposure,0.64,low,0.0,True,True,False,False,False,0.93,False
0.0,0.0,4.8,7.6,male,72.0,0.5,0.1,0.3,NoGlasses,0.009,0.001,0.001,0.0,0.0,0.932,0.057,0.0,medium,0.4,goodExposure,0.69,medium,0.48,False,False,False,False,False,0.03,False
0.0,0.0,1.0,-13.1,male,45.6,0.4,0.3,0.4,ReadingGlasses,0.0,0.006,0.001,0.0,0.0,0.992,0.001,0.001,low,0.0,goodExposure,0.61,low,0.0,False,False,False,False,False,0.71,False
0.367,0.0,-5.1,1.2,male,46.0,0.7,0.5,0.2,NoGlasses,0.001,0.136,0.002,0.0,0.367,0.483,0.012,0.001,low,0.0,goodExposure,0.62,low,0.0,False,False,False,False,False,0.26,False
0.001,0.0,-30.3,-7.1,male,29.8,0.0,0.0,0.0,NoGlasses,0.206,0.002,0.266,0.0,0.001,0.075,0.449,0.0,low,0.0,overExposure,0.88,low,0.22,False,False,False,False,False,0.01,False
0.0,0.0,0.1,-1.2,male,41.5,0.8,0.8,0.4,NoGlasses,0.0,0.0,0.0,0.0,0.0,0.999,0.001,0.0,medium,0.72,overExposure,0.75,low,0.13,False,False,False,False,False,0.99,False
0.0,0.0,1.8,-0.3,female,29.7,0.0,0.0,0.0,NoGlasses,0.001,0.002,0.0,0.0,0.0,0.804,0.194,0.0,low,0.04,goodExposure,0.59,low,0.0,True,True,False,False,False,0.09,False
0.0,0.0,5.6,-5.8,male,50.0,0.5,0.6,0.7,ReadingGlasses,0.0,0.002,0.003,0.0,0.0,0.001,0.993,0.0,low,0.12,goodExposure,0.67,low,0.19,False,False,False,False,False,0.51,False
0.464,0.0,-3.4,-4.2,male,55.6,0.2,0.1,0.1,ReadingGlasses,0.422,0.009,0.065,0.016,0.464,0.001,0.016,0.007,medium,0.35,goodExposure,0.72,medium,0.45,False,False,False,False,False,0.01,False
0.578,0.0,9.1,0.1,male,19.9,0.0,0.0,0.1,NoGlasses,0.002,0.044,0.245,0.0,0.578,0.095,0.007,0.029,low,0.15,goodExposure,0.62,low,0.12,True,False,False,False,False,0.0,False
0.0,0.0,-9.3,-2.3,female,54.2,0.0,0.0,0.0,NoGlasses,0.003,0.001,0.002,0.001,0.0,0.389,0.605,0.0,high,0.94,goodExposure,0.73,low,0.0,True,True,False,False,False,0.01,False
0.517,0.0,-2.4,-5.3,male,47.8,0.6,0.3,0.4,NoGlasses,0.0,0.014,0.001,0.0,0.517,0.465,0.002,0.0,low,0.0,goodExposure,0.48,low,0.0,False,False,False,False,False,0.04,False
0.0,0.0,19.7,9.0,female,16.4,0.0,0.0,0.0,NoGlasses,0.0,0.001,0.0,0.0,0.0,0.995,0.003,0.001,low,0.0,goodExposure,0.47,low,0.0,True,True,False,False,False,0.02,False
0.123,0.0,14.5,0.4,male,48.0,0.6,0.7,0.3,NoGlasses,0.002,0.042,0.008,0.001,0.123,0.794,0.025,0.007,medium,0.59,goodExposure,0.49,low,0.12,False,True,False,False,False,0.01,False
0.001,0.0,3.5,-2.2,male,35.2,0.1,0.5,0.1,NoGlasses,0.021,0.006,0.027,0.052,0.001,0.398,0.473,0.022,medium,0.41,goodExposure,0.74,medium,0.45,True,False,False,False,False,0.02,False
0.536,0.0,-1.7,-3.5,male,66.1,0.4,0.2,0.1,NoGlasses,0.009,0.001,0.0,0.0,0.536,0.452,0.001,0.0,low,0.11,goodExposure,0.64,medium,0.57,False,False,False,False,False,0.99,False
0.286,0.0,2.2,-4.4,female,22.2,0.0,0.0,0.0,NoGlasses,0.0,0.005,0.0,0.0,0.286,0.708,0.0,0.001,medium,0.73,goodExposure,0.65,low,0.29,False,False,False,False,False,0.52,False
0.297,0.0,-1.2,-18.0,female,22.3,0.0,0.0,0.0,NoGlasses,0.0,0.003,0.001,0.004,0.297,0.506,0.158,0.03,low,0.0,goodExposure,0.48,low,0.0,True,False,False,False,False,0.01,False
0.0,0.0,4.8,4.0,male,20.8,0.0,0.1,0.3,NoGlasses,0.039,0.074,0.001,0.0,0.0,0.805,0.079,0.001,low,0.25,goodExposure,0.6,medium,0.35,True,True,False,False,False,0.0,False
0.996,0.0,21.1,-0.1,male,26.6,0.0,0.0,0.0,NoGlasses,0.0,0.0,0.0,0.0,0.996,0.003,0.0,0.0,medium,0.36,overExposure,0.88,medium,0.5,False,False,False,False,False,0.01,False
0.0,0.0,0.9,-11.5,male,49.7,0.7,0.6,0.4,NoGlasses,0.385,0.002,0.001,0.0,0.0,0.581,0.03,0.0,low,0.0,goodExposure,0.62,low,0.0,False,False,False,False,False,0.01,False
0.666,0.0,-1.7,-25.5,female,46.4,0.0,0.0,0.0,NoGlasses,0.001,0.0,0.0,0.009,0.666,0.0,0.0,0.323,low,0.05,goodExposure,0.62,low,0.0,True,True,False,False,False,0.14,False
0.01,0.0,-5.6,16.0,male,43.7,0.4,0.4,0.2,NoGlasses,0.001,0.007,0.011,0.001,0.01,0.749,0.212,0.01,medium,0.28,goodExposure,0.69,low,0.0,False,False,False,False,False,0.12,False
0.0,0.0,-1.2,-2.7,male,43.9,0.7,0.5,0.3,NoGlasses,0.0,0.002,0.0,0.0,0.0,0.987,0.011,0.0,low,0.22,goodExposure,0.63,low,0.27,True,False,False,False,False,0.25,False
0.007,0.0,-1.6,18.9,female,29.1,0.0,0.0,0.0,ReadingGlasses,0.024,0.091,0.017,0.001,0.007,0.758,0.101,0.001,low,0.0,goodExposure,0.39,medium,0.45,True,True,False,False,False,0.01,False
0.895,0.0,-27.7,-7.0,female,39.9,0.0,0.0,0.0,NoGlasses,0.001,0.007,0.005,0.0,0.895,0.085,0.002,0.005,medium,0.57,goodExposure,0.61,medium,0.43,True,False,False,False,False,0.02,False
0.999,0.0,-7.0,0.3,male,37.6,0.8,0.6,0.7,NoGlasses,0.0,0.0,0.0,0.0,0.999,0.0,0.0,0.0,medium,0.28,overExposure,0.78,low,0.07,True,False,False,False,False,0.87,False
0.012,0.0,-16.1,-3.6,female,51.8,0.0,0.0,0.0,NoGlasses,0.025,0.028,0.018,0.042,0.012,0.625,0.226,0.024,low,0.0,goodExposure,0.45,low,0.22,True,False,False,False,False,0.01,False
0.912,0.0,6.1,12.6,male,47.4,0.9,0.7,0.3,NoGlasses,0.001,0.005,0.004,0.0,0.912,0.037,0.002,0.039,medium,0.68,goodExposure,0.45,high,0.73,True,False,False,False,False,0.01,False
0.0,0.0,-3.5,-9.5,female,35.1,0.0,0.0,0.0,NoGlasses,0.001,0.0,0.0,0.0,0.0,0.997,0.002,0.0,low,0.14,goodExposure,0.61,medium,0.41,True,True,False,False,False,0.0,False
0.0,0.0,-7.5,-8.5,male,50.3,0.6,0.5,0.2,NoGlasses,0.001,0.001,0.0,0.0,0.0,0.996,0.002,0.0,medium,0.27,goodExposure,0.74,medium,0.35,False,False,False,False,False,0.96,False
0.015,0.0,-2.9,10.2,male,41.0,0.4,0.5,0.3,NoGlasses,0.002,0.165,0.001,0.0,0.015,0.754,0.063,0.0,low,0.11,goodExposure,0.48,medium,0.42,False,False,False,False,False,0.01,False
0.729,0.0,-4.7,-2.1,male,39.3,0.0,0.1,0.1,NoGlasses,0.0,0.019,0.0,0.0,0.729,0.24,0.001,0.01,low,0.06,goodExposure,0.73,low,0.04,False,False,False,False,False,0.99,False
0.0,0.0,4.1,-5.1,female,44.7,0.0,0.0,0.0,NoGlasses,0.0,0.002,0.001,0.0,0.0,0.915,0.082,0.0,medium,0.7,goodExposure,0.66,high,0.83,False,False,False,False,False,0.04,False
0.0,0.0,-7.3,1.9,female,22.2,0.0,0.0,0.0,NoGlasses,0.0,0.003,0.0,0.0,0.0,0.982,0.014,0.001,medium,0.74,goodExposure,0.59,low,0.22,True,False,False,False,False,0.15,False
0.181,0.0,-1.2,0.9,male,37.0,0.2,0.0,0.0,ReadingGlasses,0.001,0.007,0.001,0.0,0.181,0.799,0.002,0.009,low,0.0,goodExposure,0.5,low,0.0,False,False,False,False,False,0.04,False
0.013,0.0,-1.3,-0.3,male,34.4,0.0,0.0,0.0,NoGlasses,0.0,0.004,0.0,0.0,0.013,0.982,0.001,0.0,medium,0.75,goodExposure,0.66,medium,0.55,False,False,False,False,False,0.28,False
0.999,0.0,-6.4,2.1,male,43.5,0.2,0.2,0.2,NoGlasses,0.0,0.0,0.0,0.0,0.999,0.0,0.0,0.001,medium,0.36,goodExposure,0.66,high,0.84,False,False,False,False,False,1.0,False
0.179,0.0,9.2,-11.0,female,24.1,0.0,0.0,0.0,NoGlasses,0.008,0.012,0.014,0.016,0.179,0.543,0.112,0.116,low,0.18,goodExposure,0.42,low,0.04,True,True,False,False,False,0.1,False
0.001,0.0,-5.3,7.6,male,29.4,0.2,0.3,0.1,NoGlasses,0.0,0.03,0.0,0.0,0.001,0.968,0.002,0.0,medium,0.33,goodExposure,0.71,low,0.13,False,False,False,False,False,0.04,False
0.029,0.0,13.4,-4.1,male,31.0,0.0,0.1,0.0,NoGlasses,0.0,0.814,0.005,0.001,0.029,0.024,0.001,0.126,medium,0.47,goodExposure,0.68,high,0.82,False,False,False,False,False,0.07,False
0.005,0.0,2.1,1.9,female,28.3,0.0,0.0,0.0,NoGlasses,0.002,0.001,0.011,0.009,0.005,0.742,0.088,0.141,low,0.0,overExposure,0.76,high,0.73,True,False,False,False,True,0.0,False
0.002,0.0,1.6,-5.8,male,25.3,0.5,0.4,0.7,NoGlasses,0.005,0.288,0.001,0.015,0.002,0.17,0.002,0.517,medium,0.44,goodExposure,0.46,high,0.97,False,True,False,False,False,0.55,False
0.14,0.0,1.2,-9.7,male,34.5,0.5,0.6,0.6,NoGlasses,0.004,0.024,0.002,0.003,0.14,0.702,0.006,0.119,low,0.14,goodExposure,0.4,low,0.25,False,False,False,False,False,0.78,False
0.0,0.0,-7.2,0.0,male,33.5,0.2,0.1,0.2,NoGlasses,0.002,0.094,0.001,0.0,0.0,0.838,0.064,0.0,medium,0.62,goodExposure,0.69,high,1.0,True,False,False,False,False,0.02,False
0.001,0.0,5.3,-18.3,male,76.7,1.0,0.9,0.6,NoGlasses,0.006,0.003,0.002,0.0,0.001,0.876,0.108,0.004,low,0.24,goodExposure,0.66,medium,0.37,False,False,False,False,False,0.69,False
0.016,0.0,2.1,0.3,female,61.3,0.0,0.0,0.0,ReadingGlasses,0.013,0.003,0.001,0.526,0.016,0.324,0.103,0.013,medium,0.27,overExposure,0.77,low,0.0,True,False,False,False,True,0.5,False
0.0,0.0,-0.4,5.6,male,33.1,0.4,0.5,0.4,NoGlasses,0.0,0.002,0.0,0.0,0.0,0.993,0.004,0.0,medium,0.67,goodExposure,0.64,high,0.86,False,False,False,False,False,0.03,False
0.936,0.0,-1.6,-23.1,male,64.0,0.1,0.0,0.0,NoGlasses,0.0,0.001,0.0,0.0,0.936,0.062,0.0,0.0,low,0.03,goodExposure,0.6,low,0.28,False,False,False,False,False,0.9,False
0.024,0.0,3.5,-1.1,male,31.5,0.6,0.4,0.1,NoGlasses,0.003,0.006,0.001,0.001,0.024,0.946,0.011,0.008,low,0.01,goodExposure,0.58,low,0.02,False,True,False,False,False,0.69,False
0.0,0.0,-6.4,-1.9,male,44.8,0.1,0.9,0.4,NoGlasses,0.001,0.002,0.0,0.0,0.0,0.986,0.011,0.0,low,0.2,goodExposure,0.72,low,0.27,False,False,False,False,False,0.05,False
0.0,0.0,-0.9,-0.3,female,31.3,0.0,0.0,0.0,NoGlasses,0.0,0.0,0.0,0.0,0.0,0.762,0.237,0.0,medium,0.38,goodExposure,0.67,low,0.11,False,False,False,False,False,0.01,False
0.0,0.0,31.9,-3.3,female,25.2,0.0,0.0,0.0,NoGlasses,0.0,0.006,0.002,0.002,0.0,0.652,0.328,0.011,low,0.0,overExposure,0.79,medium,0.57,True,True,True,False,False,0.0,True
0.032,0.0,-2.9,-25.3,male,28.1,0.3,0.3,0.5,NoGlasses,0.0,0.025,0.0,0.0,0.032,0.904,0.0,0.039,low,0.13,goodExposure,0.57,low,0.26,False,False,False,False,False,0.01,False
0.0,0.0,11.2,6.3,female,29.8,0.0,0.0,0.0,NoGlasses,0.0,0.001,0.0,0.0,0.0,0.94,0.058,0.0,medium,0.35,overExposure,0.82,medium,0.46,True,False,False,False,False,0.02,False
0.044,0.0,-19.8,-5.8,male,38.5,0.5,0.5,0.3,NoGlasses,0.012,0.091,0.005,0.0,0.044,0.785,0.063,0.0,low,0.0,goodExposure,0.45,low,0.0,False,False,False,False,False,0.01,False
0.114,0.0,17.3,-5.1,male,47.2,0.6,0.7,0.2,NoGlasses,0.002,0.013,0.005,0.0,0.114,0.842,0.02,0.003,medium,0.26,goodExposure,0.46,low,0.0,True,True,False,False,False,0.01,False
1.0,0.0,-1.1,-17.0,female,29.3,0.0,0.0,0.0,NoGlasses,0.0,0.0,0.0,0.0,1.0,0.0,0.0,0.0,medium,0.38,goodExposure,0.63,medium,0.46,True,True,False,False,False,0.03,False
0.0,0.0,-3.4,-11.1,female,57.8,0.0,0.0,0.0,NoGlasses,0.014,0.004,0.001,0.0,0.0,0.905,0.076,0.0,medium,0.32,goodExposure,0.68,medium,0.63,True,False,False,False,False,0.97,False
0.0,0.0,2.1,-0.9,female,28.6,0.0,0.0,0.0,NoGlasses,0.0,0.001,0.0,0.0,0.0,0.881,0.118,0.0,low,0.25,goodExposure,0.63,low,0.0,False,False,False,False,False,0.01,False
0.099,0.0,-0.8,-6.6,male,30.8,0.2,0.2,0.2,NoGlasses,0.0,0.021,0.001,0.0,0.099,0.857,0.02,0.001,low,0.0,goodExposure,0.67,high,0.74,True,True,True,False,False,0.09,False
0.658,0.0,-22.6,-3.6,male,37.9,0.0,0.2,0.1,NoGlasses,0.001,0.001,0.001,0.001,0.658,0.11,0.208,0.019,medium,0.41,goodExposure,0.7,medium,0.41,False,False,False,False,False,0.45,False
0.396,0.0,0.8,-4.1,female,24.8,0.0,0.0,0.0,NoGlasses,0.0,0.006,0.001,0.001,0.396,0.527,0.061,0.008,low,0.0,goodExposure,0.45,high,0.92,True,True,False,False,False,0.12,False
0.0,0.0,1.9,-2.1,female,20.3,0.0,0.0,0.0,NoGlasses,0.0,0.001,0.0,0.0,0.0,0.904,0.095,0.0,medium,0.48,goodExposure,0.62,low,0.0,False,False,False,False,False,0.13,False
1.0,0.0,-12.1,-25.3,female,58.3,0.0,0.0,0.0,NoGlasses,0.0,0.0,0.0,0.0,1.0,0.0,0.0,0.0,high,0.96,goodExposure,0.57,low,0.27,False,True,False,False,False,0.0,False
0.0,0.0,4.2,-10.1,female,29.6,0.0,0.0,0.0,NoGlasses,0.0,0.003,0.0,0.0,0.0,0.988,0.009,0.0,medium,0.35,goodExposure,0.44,low,0.12,False,False,False,False,False,0.0,False
0.0,0.0,1.9,-4.6,male,53.9,0.3,0.5,0.5,NoGlasses,0.008,0.007,0.0,0.0,0.0,0.978,0.005,0.001,medium,0.26,goodExposure,0.54,high,0.85,False,False,False,False,False,0.83,False
0.879,0.0,15.2,-2.6,male,33.3,0.3,0.6,0.4,NoGlasses,0.018,0.0,0.032,0.007,0.879,0.006,0.007,0.051,low,0.0,goodExposure,0.57,medium,0.4,False,True,True,False,False,0.0,True
0.0,0.0,-24.5,-22.1,male,46.1,0.3,0.2,0.2,NoGlasses,0.008,0.018,0.01,0.0,0.0,0.877,0.084,0.002,medium,0.55,goodExposure,0.57,high,0.81,False,False,False,False,False,0.11,False
0.0,0.0,-1.4,8.4,male,34.2,0.5,0.7,0.5,NoGlasses,0.0,0.002,0.0,0.0,0.0,0.987,0.011,0.0,medium,0.49,goodExposure,0.69,medium,0.31,False,True,False,False,False,0.01,False
1.0,0.0,0.2,-8.6,male,37.5,0.5,0.2,0.0,NoGlasses,0.0,0.0,0.0,0.0,1.0,0.0,0.0,0.0,low,0.03,goodExposure,0.53,low,0.0,True,True,False,False,False,0.06,False
0.047,0.0,-1.0,-6.0,female,17.3,0.0,0.0,0.0,NoGlasses,0.0,0.001,0.0,0.0,0.047,0.941,0.007,0.004,medium,0.26,goodExposure,0.62,medium,0.33,True,True,False,False,False,0.4,False
0.0,0.0,-0.1,8.2,male,26.1,0.2,0.0,0.4,NoGlasses,0.211,0.0,0.002,0.0,0.0,0.026,0.761,0.0,low,0.02,goodExposure,0.6,low,0.0,True,False,False,False,True,0.28,False
0.0,0.0,-4.5,-6.4,male,33.4,0.2,0.4,0.4,NoGlasses,0.01,0.004,0.0,0.0,0.0,0.982,0.004,0.0,low,0.07,goodExposure,0.65,low,0.0,False,False,False,False,False,0.05,False
0.119,0.0,-11.1,8.0,female,30.9,0.0,0.0,0.0,NoGlasses,0.005,0.022,0.001,0.0,0.119,0.827,0.026,0.0,low,0.0,goodExposure,0.56,medium,0.38,True,True,False,False,False,0.0,False
0.0,0.0,4.8,-2.0,female,33.9,0.0,0.0,0.0,NoGlasses,0.0,0.001,0.003,0.003,0.0,0.801,0.166,0.027,high,0.92,goodExposure,0.68,low,0.0,True,True,False,False,False,0.01,False
0.178,0.0,-8.4,-12.2,male,37.8,0.2,0.4,0.2,NoGlasses,0.022,0.037,0.008,0.0,0.178,0.749,0.005,0.001,medium,0.59,goodExposure,0.74,low,0.23,False,True,False,False,False,0.01,False
0.0,0.0,1.4,-15.3,male,28.0,0.4,0.5,0.6,NoGlasses,0.0,0.0,0.0,0.0,0.0,0.993,0.001,0.005,high,1.0,goodExposure,0.71,low,0.0,False,False,False,False,False,0.06,False
1.0,0.0,0.2,16.1,male,41.9,0.4,0.2,0.4,NoGlasses,0.0,0.0,0.0,0.0,1.0,0.0,0.0,0.0,low,0.09,goodExposure,0.69,low,0.0,False,False,False,False,False,0.05,False
0.0,0.0,-13.0,-13.8,male,43.8,0.2,0.2,0.1,NoGlasses,0.051,0.004,0.006,0.001,0.0,0.382,0.554,0.002,low,0.0,goodExposure,0.55,low,0.0,False,False,False,False,False,0.01,False
0.964,0.0,7.4,0.5,male,41.0,0.9,1.0,0.5,NoGlasses,0.0,0.001,0.001,0.0,0.964,0.033,0.0,0.0,low,0.04,goodExposure,0.49,low,0.25,False,False,False,False,False,0.01,False
0.076,0.0,18.4,-4.4,female,23.6,0.0,0.0,0.0,NoGlasses,0.001,0.002,0.0,0.0,0.076,0.714,0.0,0.206,low,0.23,goodExposure,0.68,low,0.0,True,True,False,False,False,0.06,False
0.999,0.0,1.1,-8.7,female,20.9,0.0,0.0,0.0,NoGlasses,0.0,0.0,0.0,0.0,0.999,0.0,0.0,0.001,medium,0.62,overExposure,1.0,low,0.28,False,False,False,False,False,0.0,False
0.0,0.0,3.9,-13.5,male,38.4,0.4,0.5,0.2,NoGlasses,0.001,0.003,0.0,0.0,0.0,0.991,0.005,0.0,low,0.0,goodExposure,0.7,low,0.0,False,False,False,False,False,0.06,False
1.0,0.0,0.3,-7.9,male,37.4,0.4,0.2,0.0,NoGlasses,0.0,0.0,0.0,0.0,1.0,0.0,0.0,0.0,low,0.03,goodExposure,0.53,medium,0.38,True,True,False,False,False,0.04,False
0.0,0.0,-5.4,-2.2,female,31.6,0.0,0.0,0.0,NoGlasses,0.0,0.001,0.0,0.0,0.0,0.751,0.242,0.005,medium,0.47,goodExposure,0.52,low,0.08,False,False,False,False,False,0.01,False
0.0,0.0,7.4,-3.3,male,71.3,0.7,0.3,0.2,NoGlasses,0.0,0.001,0.0,0.0,0.0,0.966,0.033,0.0,medium,0.39,goodExposure,0.58,medium,0.49,False,False,False,False,False,0.03,False
0.0,0.0,13.0,6.2,female,21.4,0.0,0.0,0.0,NoGlasses,0.0,0.0,0.0,0.0,0.0,0.771,0.228,0.0,low,0.08,overExposure,0.84,low,0.22,True,True,False,False,False,0.0,False
0.287,0.0,12.8,5.5,female,21.6,0.0,0.0,0.0,NoGlasses,0.0,0.067,0.0,0.0,0.287,0.56,0.003,0.083,low,0.12,goodExposure,0.64,low,0.0,True,False,False,False,False,0.0,False
0.016,0.0,-7.8,10.2,female,42.4,0.0,0.0,0.0,NoGlasses,0.037,0.015,0.022,0.002,0.016,0.874,0.028,0.007,medium,0.4,goodExposure,0.47,low,0.0,False,False,False,False,False,0.35,False
0.098,0.0,-15.7,4.4,male,33.8,0.4,0.3,0.2,NoGlasses,0.0,0.001,0.005,0.0,0.098,0.856,0.004,0.036,low,0.07,goodExposure,0.56,low,0.0,False,False,False,False,False,0.35,False
0.0,0.0,-2.8,-3.3,female,24.4,0.0,0.0,0.0,NoGlasses,0.0,0.001,0.0,0.001,0.0,0.237,0.762,0.0,low,0.07,goodExposure,0.5,low,0.23,False,True,False,False,False,0.02,False
0.0,0.0,-5.1,-0.4,female,31.7,0.0,0.0,0.0,NoGlasses,0.0,0.001,0.0,0.002,0.0,0.645,0.342,0.011,medium,0.41,goodExposure,0.53,low,0.0,False,False,False,False,False,0.01,False
0.019,0.0,-2.9,10.3,female,32.3,0.0,0.0,0.0,ReadingGlasses,0.0,0.0,0.0,0.0,0.019,0.98,0.0,0.001,low,0.1,goodExposure,0.59,low,0.06,True,True,False,False,False,0.1,False
0.122,0.0,1.8,0.9,male,27.8,0.4,0.4,0.4,NoGlasses,0.0,0.028,0.0,0.0,0.122,0.844,0.005,0.0,medium,0.71,goodExposure,0.63,low,0.0,True,False,False,False,False,0.11,False
0.002,0.0,-3.4,-3.2,female,45.0,0.0,0.0,0.0,NoGlasses,0.003,0.017,0.002,0.0,0.002,0.916,0.058,0.002,medium,0.66,goodExposure,0.64,medium,0.43,False,False,False,False,False,0.04,False
0.772,0.0,11.6,-12.7,female,27.4,0.0,0.0,0.0,NoGlasses,0.009,0.001,0.015,0.0,0.772,0.009,0.001,0.193,low,0.0,goodExposure,0.6,low,0.0,True,True,False,False,False,0.06,False
0.155,0.0,1.7,-2.6,female,25.5,0.0,0.0,0.0,NoGlasses,0.0,0.007,0.0,0.0,0.155,0.813,0.025,0.0,low,0.16,goodExposure,0.57,medium,0.34,True,False,False,False,False,0.0,False
0.005,0.0,-4.0,-5.1,male,30.8,0.1,0.0,0.1,NoGlasses,0.0,0.0,0.0,0.0,0.005,0.995,0.0,0.0,medium,0.72,goodExposure,0.67,medium,0.7,False,False,False,False,False,0.08,False
0.0,0.0,-2.5,-4.6,male,32.7,0.4,0.5,0.4,NoGlasses,0.055,0.65,0.062,0.0,0.0,0.168,0.065,0.0,low,0.0,overExposure,0.78,low,0.19,False,True,False,False,False,0.01,False
0.014,0.0,18.2,-20.6,male,27.9,0.2,0.4,0.3,NoGlasses,0.005,0.013,0.006,0.008,0.014,0.725,0.021,0.208,medium,0.27,goodExposure,0.5,low,0.06,True,False,False,False,False,0.05,False
0.001,0.0,-22.9,4.2,female,23.4,0.0,0.0,0.0,NoGlasses,0.001,0.001,0.001,0.0,0.001,0.805,0.191,0.001,medium,0.39,goodExposure,0.59,low,0.0,True,True,False,False,False,0.0,False
0.23,0.0,7.5,2.7,male,36.4,0.5,0.4,0.4,NoGlasses,0.005,0.025,0.008,0.028,0.23,0.635,0.043,0.026,low,0.17,goodExposure,0.63,low,0.06,False,False,False,False,False,0.1,False
0.013,0.0,10.8,-1.1,male,32.7,0.3,0.5,0.2,ReadingGlasses,0.002,0.019,0.001,0.0,0.013,0.95,0.006,0.01,low,0.0,goodExposure,0.72,low,0.0,False,False,False,False,False,0.01,False
0.001,0.0,-0.4,0.3,female,40.0,0.0,0.0,0.0,NoGlasses,0.001,0.008,0.007,0.009,0.001,0.842,0.088,0.044,medium,0.28,goodExposure,0.57,low,0.05,True,True,False,False,False,0.07,False
0.005,0.0,-5.7,-3.9,female,24.8,0.0,0.0,0.0,NoGlasses,0.0,0.028,0.0,0.0,0.005,0.961,0.006,0.0,medium,0.59,goodExposure,0.51,medium,0.44,False,False,False,False,False,0.02,False
0.0,0.0,3.7,1.5,male,30.8,0.0,0.1,0.2,NoGlasses,0.0,0.0,0.0,0.0,0.0,1.0,0.0,0.0,low,0.03,overExposure,0.75,low,0.1,False,False,False,False,False,0.01,False
0.57,0.0,17.5,2.6,male,60.9,0.9,0.8,1.0,NoGlasses,0.001,0.004,0.002,0.0,0.57,0.399,0.022,0.002,low,0.22,underExposure,0.09,low,0.26,False,False,False,False,False,0.02,False
1.0,0.0,2.5,-12.2,female,27.0,0.0,0.0,0.0,NoGlasses,0.0,0.0,0.0,0.0,1.0,0.0,0.0,0.0,low,0.22,goodExposure,0.58,low,0.22,False,True,False,False,False,0.05,False
0.0,0.0,-2.8,-1.9,male,43.5,0.5,0.5,0.2,NoGlasses,0.0,0.001,0.001,0.0,0.0,0.944,0.054,0.0,medium,0.58,goodExposure,0.49,high,0.77,False,False,False,False,False,0.03,False
0.006,0.0,-9.3,17.6,male,23.2,0.0,0.0,0.1,NoGlasses,0.001,0.012,0.005,0.002,0.006,0.833,0.087,0.053,low,0.0,goodExposure,0.47,low,0.0,True,True,False,False,False,0.01,False
0.0,0.0,-5.9,6.4,female,22.6,0.0,0.0,0.0,NoGlasses,0.079,0.001,0.002,0.0,0.0,0.203,0.715,0.0,low,0.0,goodExposure,0.68,low,0.0,True,True,False,False,False,0.36,False
1.0,0.0,-17.5,-5.8,female,30.4,0.0,0.0,0.0,NoGlasses,0.0,0.0,0.0,0.0,1.0,0.0,0.0,0.0,low,0.0,goodExposure,0.49,low,0.0,True,True,False,False,False,0.03,False
0.0,0.0,-0.8,-1.1,male,44.0,0.0,0.1,0.0,NoGlasses,0.0,0.001,0.0,0.0,0.0,0.955,0.043,0.0,medium,0.43,goodExposure,0.58,medium,0.49,False,False,False,False,False,0.01,False
0.001,0.0,0.9,-0.5,male,23.7,0.5,0.3,0.3,NoGlasses,0.0,0.0,0.0,0.0,0.001,0.992,0.006,0.0,medium,0.46,goodExposure,0.63,medium,0.37,False,False,False,False,False,0.04,False
0.003,0.0,-17.6,-1.4,female,38.2,0.0,0.0,0.0,NoGlasses,0.007,0.024,0.006,0.002,0.003,0.886,0.016,0.055,low,0.15,goodExposure,0.48,low,0.0,True,True,False,False,False,0.03,False
1.0,0.0,-17.3,-24.5,male,35.0,0.0,0.0,0.0,NoGlasses,0.0,0.0,0.0,0.0,1.0,0.0,0.0,0.0,low,0.1,goodExposure,0.72,low,0.16,False,False,False,False,False,0.0,False
0.862,0.0,-1.6,-2.1,male,55.8,0.7,0.7,0.6,ReadingGlasses,0.075,0.001,0.004,0.005,0.862,0.039,0.007,0.007,low,0.19,goodExposure,0.44,medium,0.39,False,False,False,False,False,0.03,False
0.0,0.0,1.6,-0.9,male,26.1,0.4,0.4,0.1,NoGlasses,0.001,0.0,0.0,0.0,0.0,0.998,0.0,0.0,medium,0.31,goodExposure,0.66,low,0.0,False,False,False,False,False,0.01,False
0.0,0.0,-1.2,17.5,female,35.9,0.0,0.0,0.0,NoGlasses,0.0,0.0,0.0,0.0,0.0,0.999,0.0,0.0,low,0.2,goodExposure,0.61,low,0.0,True,True,False,False,False,0.21,False
0.0,0.0,3.1,-2.1,female,35.0,0.0,0.0,0.0,NoGlasses,0.007,0.016,0.001,0.0,0.0,0.414,0.562,0.0,low,0.0,goodExposure,0.62,low,0.09,False,False,False,False,False,0.1,False
0.0,0.0,-3.8,-1.0,male,51.3,0.7,0.4,0.3,NoGlasses,0.001,0.01,0.004,0.0,0.0,0.579,0.406,0.0,low,0.22,goodExposure,0.69,low,0.15,False,False,False,False,False,0.03,False
0.087,0.0,-0.2,-4.6,male,41.1,0.5,0.4,0.1,ReadingGlasses,0.007,0.005,0.012,0.016,0.087,0.65,0.007,0.215,low,0.18,goodExposure,0.64,low,0.27,False,False,False,False,False,0.92,False
0.001,0.0,-7.1,-5.8,male,42.3,0.7,0.7,0.3,NoGlasses,0.0,0.002,0.0,0.0,0.001,0.987,0.01,0.0,low,0.12,goodExposure,0.64,low,0.0,False,False,False,False,False,0.03,False
0.0,0.0,-1.2,-0.1,male,28.3,0.4,0.4,0.3,NoGlasses,0.0,0.007,0.0,0.0,0.0,0.974,0.019,0.0,medium,0.71,goodExposure,0.51,low,0.01,False,False,False,False,False,0.13,False
0.83,0.0,10.5,-19.5,female,21.1,0.0,0.0,0.0,NoGlasses,0.0,0.003,0.0,0.0,0.83,0.149,0.018,0.0,low,0.13,goodExposure,0.6,low,0.05,True,True,False,False,False,0.01,False
0.001,0.0,-8.1,-11.4,male,19.9,0.3,0.1,0.1,NoGlasses,0.002,0.003,0.006,0.0,0.001,0.939,0.032,0.016,medium,0.68,goodExposure,0.62,high,0.99,False,False,False,False,False,0.03,False
0.437,0.0,1.4,-1.9,female,31.6,0.0,0.0,0.0,NoGlasses,0.0,0.4,0.002,0.0,0.437,0.16,0.001,0.0,medium,0.32,overExposure,0.76,medium,0.37,True,False,False,False,False,0.11,False
0.127,0.0,-1.2,-3.9,male,66.1,0.3,0.1,0.1,NoGlasses,0.01,0.002,0.0,0.0,0.127,0.858,0.002,0.001,low,0.0,goodExposure,0.64,medium,0.46,False,False,False,False,False,0.99,False
0.001,0.0,0.2,-20.6,female,25.4,0.0,0.0,0.0,NoGlasses,0.001,0.0,0.001,0.019,0.001,0.14,0.005,0.832,low,0.0,goodExposure,0.54,low,0.0,True,True,False,False,False,0.0,False
0.0,0.0,-3.2,-11.3,male,31.2,0.3,0.3,0.4,NoGlasses,0.0,0.001,0.0,0.0,0.0,0.998,0.001,0.0,medium,0.56,overExposure,0.81,medium,0.51,False,False,False,False,False,0.41,False
1.0,0.0,-2.4,-2.2,female,42.3,0.0,0.0,0.0,NoGlasses,0.0,0.0,0.0,0.0,1.0,0.0,0.0,0.0,medium,0.38,goodExposure,0.56,low,0.18,False,False,False,False,False,0.06,False
0.0,0.0,-2.4,-5.3,female,39.0,0.0,0.0,0.0,NoGlasses,0.0,0.0,0.0,0.0,0.0,0.979,0.021,0.0,medium,0.28,goodExposure,0.56,medium,0.45,False,False,False,False,False,0.02,False
0.002,0.0,-1.8,-3.2,female,21.7,0.0,0.0,0.0,NoGlasses,0.002,0.002,0.0,0.0,0.002,0.984,0.001,0.008,low,0.18,goodExposure,0.39,low,0.0,True,True,False,False,False,0.03,False
0.009,0.0,-5.5,-3.2,female,30.1,0.0,0.0,0.0,NoGlasses,0.005,0.017,0.005,0.01,0.009,0.765,0.137,0.051,low,0.05,goodExposure,0.74,low,0.0,True,True,False,False,False,0.04,False
0.0,0.0,-3.8,-6.4,male,45.5,0.5,0.3,0.2,NoGlasses,0.001,0.002,0.0,0.0,0.0,0.986,0.011,0.0,low,0.16,goodExposure,0.54,medium,0.31,True,False,False,False,False,0.06,False
0.054,0.0,0.7,-2.8,female,32.4,0.0,0.0,0.0,NoGlasses,0.001,0.002,0.005,0.001,0.054,0.755,0.075,0.106,medium,0.65,goodExposure,0.64,high,0.71,True,True,False,False,False,0.04,False
0.123,0.0,14.5,0.4,male,48.0,0.6,0.7,0.3,NoGlasses,0.002,0.042,0.008,0.001,0.123,0.794,0.025,0.007,medium,0.59,goodExposure,0.49,low,0.12,False,True,False,False,False,0.01,False
0.0,0.0,-1.2,13.0,male,30.5,0.5,0.6,0.5,NoGlasses,0.0,0.0,0.0,0.0,0.0,1.0,0.0,0.0,low,0.09,goodExposure,0.67,medium,0.39,False,False,False,False,False,0.05,False
0.011,0.0,-24.7,10.5,female,28.9,0.0,0.0,0.0,NoGlasses,0.001,0.009,0.001,0.001,0.011,0.875,0.097,0.006,low,0.09,goodExposure,0.74,low,0.23,True,False,False,False,True,0.01,False
0.0,0.0,-4.7,-1.6,female,29.5,0.0,0.0,0.0,NoGlasses,0.0,0.007,0.001,0.0,0.0,0.882,0.109,0.0,low,0.0,overExposure,0.78,high,1.0,True,False,False,False,False,0.0,False
0.001,0.0,1.5,1.5,female,31.0,0.0,0.0,0.0,NoGlasses,0.0,0.002,0.0,0.0,0.001,0.991,0.005,0.001,low,0.1,goodExposure,0.74,low,0.14,True,True,False,False,False,0.02,False
0.002,0.0,0.3,3.1,female,27.6,0.0,0.0,0.0,NoGlasses,0.0,0.001,0.0,0.0,0.002,0.727,0.27,0.0,medium,0.28,goodExposure,0.73,low,0.0,False,False,False,False,False,0.0,False
0.999,0.0,-4.8,-8.7,female,31.0,0.0,0.0,0.0,NoGlasses,0.0,0.0,0.0,0.0,0.999,0.001,0.0,0.0,low,0.0,goodExposure,0.69,low,0.0,True,False,False,False,False,0.01,False
1.0,0.0,-16.7,8.5,female,19.9,0.0,0.0,0.0,NoGlasses,0.0,0.0,0.0,0.0,1.0,0.0,0.0,0.0,high,1.0,goodExposure,0.55,low,0.09,False,False,False,False,False,0.1,False
0.0,0.0,-6.3,-4.4,male,30.2,0.5,0.6,0.3,NoGlasses,0.007,0.004,0.0,0.0,0.0,0.963,0.026,0.0,low,0.14,goodExposure,0.44,low,0.0,False,False,False,False,False,1.0,False
0.082,0.0,-16.2,21.8,female,21.0,0.0,0.0,0.0,NoGlasses,0.0,0.004,0.002,0.006,0.082,0.579,0.03,0.297,high,0.99,goodExposure,0.7,low,0.14,True,True,False,False,False,0.05,False
0.0,0.0,15.0,-1.0,male,27.7,0.2,0.2,0.1,NoGlasses,0.0,0.0,0.0,0.0,0.0,1.0,0.0,0.0,medium,0.5,goodExposure,0.45,medium,0.33,False,False,False,False,False,0.02,False
0.009,0.0,-0.7,3.5,female,24.7,0.0,0.0,0.0,NoGlasses,0.0,0.005,0.001,0.001,0.009,0.864,0.118,0.004,high,0.76,goodExposure,0.59,low,0.0,True,True,False,False,False,0.01,False
0.122,0.0,9.3,-1.9,male,38.9,0.5,0.2,0.1,ReadingGlasses,0.0,0.014,0.002,0.0,0.122,0.807,0.055,0.001,medium,0.29,goodExposure,0.64,low,0.16,False,False,False,False,False,0.12,False
0.0,0.0,8.0,-1.9,male,30.8,0.2,0.1,0.2,NoGlasses,0.0,0.001,0.0,0.0,0.0,0.851,0.148,0.0,low,0.23,goodExposure,0.73,medium,0.47,False,False,False,False,False,0.01,False
0.037,0.0,-2.2,-3.2,male,65.0,0.8,0.5,0.4,NoGlasses,0.001,0.004,0.0,0.0,0.037,0.94,0.018,0.0,low,0.1,goodExposure,0.7,medium,0.45,False,False,False,False,False,0.92,False
0.0,0.0,-4.2,-0.8,male,27.7,0.2,0.4,0.5,NoGlasses,0.0,0.001,0.0,0.0,0.0,0.976,0.023,0.0,medium,0.53,overExposure,0.78,medium,0.48,False,False,False,False,False,0.02,False
0.0,0.0,-0.9,13.8,female,24.8,0.0,0.0,0.0,NoGlasses,0.0,0.0,0.0,0.0,0.0,0.999,0.001,0.0,medium,0.48,goodExposure,0.63,low,0.23,True,True,False,False,False,0.01,False
1.0,0.0,-15.2,6.7,female,21.4,0.0,0.0,0.0,NoGlasses,0.0,0.0,0.0,0.0,1.0,0.0,0.0,0.0,high,1.0,goodExposure,0.55,low,0.23,False,False,False,False,False,0.11,False
1.0,0.0,-6.0,-6.9,male,42.8,0.7,0.7,0.4,NoGlasses,0.0,0.0,0.0,0.0,1.0,0.0,0.0,0.0,high,0.99,goodExposure,0.74,low,0.04,False,False,False,False,False,0.02,False
0.069,0.0,9.1,-18.9,male,43.8,0.6,0.5,0.5,NoGlasses,0.0,0.0,0.0,0.0,0.069,0.927,0.003,0.0,low,0.0,goodExposure,0.4,low,0.11,False,False,False,False,False,0.04,False
0.0,0.0,-9.4,-7.6,female,19.9,0.0,0.0,0.0,NoGlasses,0.0,0.0,0.0,0.001,0.0,0.975,0.013,0.009,low,0.13,goodExposure,0.66,low,0.0,True,False,False,False,False,0.28,False
0.0,0.0,-0.5,-2.6,male,31.3,0.4,0.5,0.2,NoGlasses,0.0,0.001,0.0,0.0,0.0,0.997,0.002,0.0,low,0.0,goodExposure,0.51,low,0.0,False,False,False,False,False,0.25,False
0.067,0.0,2.3,8.8,female,22.7,0.0,0.0,0.0,NoGlasses,0.0,0.001,0.001,0.0,0.067,0.799,0.122,0.01,medium,0.27,overExposure,0.84,low,0.0,True,True,False,False,False,0.02,False
0.002,0.0,9.8,4.2,male,33.0,0.4,0.4,0.3,NoGlasses,0.0,0.064,0.0,0.0,0.002,0.918,0.015,0.001,low,0.08,goodExposure,0.59,low,0.15,True,False,False,False,False,0.03,False
0.0,0.0,-5.7,5.2,female,42.8,0.0,0.0,0.0,NoGlasses,0.033,0.049,0.006,0.001,0.0,0.764,0.145,0.002,low,0.22,goodExposure,0.62,medium,0.6,False,False,False,False,True,0.19,False
0.0,0.0,2.9,-3.7,female,28.6,0.0,0.0,0.0,NoGlasses,0.0,0.001,0.0,0.0,0.0,0.964,0.035,0.0,low,0.15,goodExposure,0.6,low,0.21,True,True,False,False,False,0.02,False
0.296,0.0,-2.6,-3.6,female,23.1,0.0,0.0,0.0,NoGlasses,0.0,0.016,0.0,0.0,0.296,0.68,0.007,0.001,low,0.12,goodExposure,0.74,low,0.07,False,True,False,False,False,0.27,False
0.824,0.0,-0.4,24.5,male,38.0,0.1,0.2,0.2,NoGlasses,0.093,0.0,0.068,0.0,0.824,0.0,0.012,0.002,low,0.0,goodExposure,0.51,low,0.23,False,False,False,False,False,0.97,False
0.0,0.0,-1.6,5.3,male,29.2,0.3,0.3,0.6,NoGlasses,0.0,0.0,0.0,0.0,0.0,0.999,0.0,0.0,medium,0.41,goodExposure,0.64,low,0.13,False,False,False,False,False,0.01,False
0.004,0.0,-19.2,2.2,female,44.1,0.0,0.0,0.0,NoGlasses,0.007,0.006,0.007,0.009,0.004,0.773,0.022,0.171,medium,0.59,goodExposure,0.48,low,0.18,True,False,False,False,False,0.01,False
0.0,0.0,9.9,1.1,male,26.8,0.1,0.0,0.1,NoGlasses,0.001,0.002,0.0,0.0,0.0,0.997,0.0,0.0,medium,0.55,goodExposure,0.72,high,1.0,False,False,False,False,False,0.01,False
0.523,0.0,-0.7,-13.2,female,22.0,0.0,0.0,0.0,NoGlasses,0.0,0.009,0.0,0.0,0.523,0.467,0.002,0.0,medium,0.35,goodExposure,0.52,high,1.0,True,False,False,False,False,0.0,False
0.398,0.0,13.8,-3.5,male,27.1,0.3,0.1,0.2,NoGlasses,0.001,0.008,0.001,0.0,0.398,0.59,0.0,0.002,low,0.0,goodExposure,0.67,low,0.0,False,False,True,False,False,0.0,True
0.0,0.0,-0.1,-2.7,male,34.4,0.6,0.7,0.4,NoGlasses,0.01,0.0,0.001,0.0,0.0,0.871,0.118,0.0,low,0.03,goodExposure,0.57,medium,0.39,True,True,False,False,False,0.0,False
0.0,0.0,-0.8,-1.3,male,46.4,0.8,0.8,0.4,NoGlasses,0.004,0.001,0.0,0.0,0.0,0.994,0.001,0.0,medium,0.52,goodExposure,0.42,medium,0.48,False,False,False,False,False,0.03,False
0.001,0.0,-4.1,-3.5,male,72.0,0.0,0.0,0.0,NoGlasses,0.01,0.002,0.005,0.045,0.001,0.674,0.032,0.23,high,1.0,goodExposure,0.61,medium,0.33,False,False,False,False,False,0.38,False
0.989,0.0,-0.8,-0.6,female,36.4,0.0,0.0,0.0,NoGlasses,0.0,0.0,0.0,0.0,0.989,0.005,0.0,0.005,medium,0.27,goodExposure,0.66,low,0.07,True,True,False,False,False,0.0,False
0.011,0.0,-9.1,20.7,male,42.6,0.5,0.9,0.6,SwimmingGoggles,0.004,0.001,0.005,0.002,0.011,0.203,0.003,0.771,low,0.0,goodExposure,0.43,low,0.0,False,False,False,False,False,0.06,False
0.369,0.0,4.9,-0.2,male,46.8,0.7,1.0,0.7,NoGlasses,0.001,0.037,0.001,0.0,0.369,0.591,0.001,0.0,high,0.77,goodExposure,0.52,medium,0.5,False,False,False,False,False,0.01,False
0.179,0.0,9.2,-11.0,female,24.1,0.0,0.0,0.0,NoGlasses,0.008,0.012,0.014,0.016,0.179,0.543,0.112,0.116,low,0.18,goodExposure,0.42,low,0.04,True,True,False,False,False,0.1,False
0.0,0.0,-0.9,-5.5,male,29.4,0.5,0.3,0.5,NoGlasses,0.008,0.001,0.004,0.0,0.0,0.894,0.092,0.001,low,0.22,goodExposure,0.63,low,0.0,True,False,False,False,False,0.02,False
0.006,0.0,21.4,2.3,male,39.3,0.4,0.4,0.3,NoGlasses,0.041,0.014,0.01,0.024,0.006,0.852,0.037,0.016,low,0.07,goodExposure,0.59,low,0.0,False,False,False,False,False,0.01,False
0.0,0.0,-9.6,0.3,male,34.5,0.5,0.7,0.6,NoGlasses,0.0,0.0,0.0,0.0,0.0,0.997,0.001,0.002,high,1.0,overExposure,0.79,low,0.0,False,False,False,False,False,0.04,False
0.0,0.0,-6.4,15.1,female,22.0,0.0,0.0,0.0,NoGlasses,0.0,0.0,0.0,0.0,0.0,0.998,0.002,0.001,low,0.0,goodExposure,0.74,low,0.0,True,True,False,False,False,0.01,False
0.005,0.0,-26.9,7.1,female,26.5,0.0,0.0,0.0,NoGlasses,0.002,0.013,0.001,0.001,0.005,0.834,0.143,0.001,high,1.0,goodExposure,0.51,low,0.0,True,True,False,False,False,0.01,False
0.059,0.0,-8.4,1.7,male,41.9,0.6,0.4,0.1,NoGlasses,0.004,0.013,0.005,0.001,0.059,0.868,0.045,0.004,low,0.03,goodExposure,0.49,low,0.29,False,False,False,False,False,0.04,False
0.0,0.0,16.0,-5.8,female,17.0,0.0,0.0,0.0,NoGlasses,0.001,0.003,0.0,0.001,0.0,0.962,0.031,0.003,low,0.21,goodExposure,0.65,low,0.22,True,True,False,False,False,0.01,False
0.78,0.0,-2.0,-11.5,female,23.2,0.0,0.0,0.0,NoGlasses,0.001,0.007,0.001,0.0,0.78,0.2,0.008,0.003,high,0.97,goodExposure,0.48,low,0.02,False,True,False,False,False,0.07,False
0.0,0.0,-4.4,8.6,male,58.1,0.0,0.0,0.1,NoGlasses,0.002,0.003,0.001,0.0,0.0,0.963,0.031,0.0,medium,0.7,goodExposure,0.59,medium,0.48,False,False,False,False,False,0.02,False
0.981,0.0,1.5,-1.6,male,24.0,0.0,0.0,0.0,ReadingGlasses,0.019,0.0,0.0,0.0,0.981,0.0,0.0,0.0,low,0.0,goodExposure,0.75,low,0.0,False,False,False,False,False,0.02,False
0.112,0.0,8.1,-1.9,male,14.5,0.0,0.0,0.0,NoGlasses,0.003,0.023,0.003,0.0,0.112,0.851,0.006,0.001,medium,0.41,goodExposure,0.47,low,0.08,False,True,False,False,False,0.42,False
0.179,0.0,9.2,-11.0,female,24.1,0.0,0.0,0.0,NoGlasses,0.008,0.012,0.014,0.016,0.179,0.543,0.112,0.116,low,0.18,goodExposure,0.42,low,0.04,True,True,False,False,False,0.1,False
1.0,0.0,-1.9,4.8,male,43.4,0.3,0.1,0.1,NoGlasses,0.0,0.0,0.0,0.0,1.0,0.0,0.0,0.0,low,0.13,goodExposure,0.5,low,0.13,False,False,False,False,False,0.97,False
0.01,0.0,-3.8,-1.9,male,30.8,0.1,0.0,0.1,NoGlasses,0.0,0.0,0.0,0.0,0.01,0.99,0.0,0.0,medium,0.31,goodExposure,0.67,high,0.81,False,False,False,False,False,0.15,False
1.0,0.0,0.8,-6.2,male,45.1,0.0,0.1,0.0,NoGlasses,0.0,0.0,0.0,0.0,1.0,0.0,0.0,0.0,low,0.13,overExposure,0.78,medium,0.64,False,False,False,False,False,0.52,False
0.0,0.0,2.4,2.5,female,22.7,0.0,0.0,0.0,NoGlasses,0.0,0.0,0.0,0.0,0.0,0.996,0.004,0.0,low,0.0,goodExposure,0.71,low,0.0,True,False,False,False,False,0.01,False
0.0,0.0,-4.3,2.6,female,46.9,0.0,0.0,0.0,NoGlasses,0.013,0.014,0.002,0.0,0.0,0.791,0.179,0.0,low,0.13,goodExposure,0.69,low,0.0,False,False,False,False,False,0.01,False
0.017,0.0,3.7,11.1,male,56.0,0.2,0.0,0.1,NoGlasses,0.116,0.031,0.068,0.046,0.017,0.315,0.372,0.035,low,0.17,goodExposure,0.57,low,0.15,False,False,False,False,False,0.99,False
0.2,0.0,-12.2,-3.9,female,38.0,0.0,0.0,0.0,NoGlasses,0.0,0.009,0.0,0.0,0.2,0.768,0.019,0.002,low,0.19,goodExposure,0.64,low,0.22,False,True,False,False,False,0.01,False
0.0,0.0,-8.4,-1.2,male,52.8,0.1,0.0,0.2,NoGlasses,0.021,0.007,0.012,0.0,0.0,0.672,0.288,0.0,medium,0.63,goodExposure,0.71,low,0.24,False,False,False,False,False,0.04,False
0.001,0.0,26.0,-2.3,male,23.7,0.4,0.2,0.3,NoGlasses,0.001,0.001,0.011,0.003,0.001,0.518,0.269,0.197,low,0.0,goodExposure,0.65,low,0.0,True,False,False,False,False,0.0,False
0.002,0.0,-9.4,-11.9,male,49.7,0.9,1.0,0.6,NoGlasses,0.001,0.0,0.0,0.011,0.002,0.912,0.038,0.035,low,0.0,goodExposure,0.64,medium,0.37,True,True,False,False,False,0.27,False
0.0,0.0,-4.2,23.7,male,40.8,0.0,0.0,0.0,NoGlasses,0.005,0.001,0.001,0.0,0.0,0.92,0.07,0.002,medium,0.59,underExposure,0.23,low,0.0,False,False,False,False,False,0.3,False
0.0,0.0,3.2,-3.6,female,27.5,0.0,0.0,0.0,NoGlasses,0.0,0.0,0.0,0.0,0.0,0.927,0.072,0.0,medium,0.29,goodExposure,0.59,low,0.07,True,True,False,False,False,0.0,False
0.523,0.0,-0.7,-13.2,female,22.0,0.0,0.0,0.0,NoGlasses,0.0,0.009,0.0,0.0,0.523,0.467,0.002,0.0,medium,0.35,goodExposure,0.52,high,1.0,True,False,False,False,False,0.0,False
1.0,0.0,-16.7,8.5,female,19.9,0.0,0.0,0.0,NoGlasses,0.0,0.0,0.0,0.0,1.0,0.0,0.0,0.0,high,1.0,goodExposure,0.55,low,0.09,False,False,False,False,False,0.1,False
0.008,0.0,10.1,-2.2,female,39.3,0.0,0.0,0.0,NoGlasses,0.001,0.007,0.001,0.001,0.008,0.944,0.031,0.007,medium,0.71,goodExposure,0.27,medium,0.42,False,False,False,False,False,0.01,False
0.0,0.0,-9.0,-0.2,male,69.2,0.8,0.4,0.5,NoGlasses,0.008,0.001,0.002,0.001,0.0,0.925,0.06,0.003,high,1.0,goodExposure,0.72,high,1.0,False,False,False,False,False,0.71,False
0.005,0.0,2.9,-12.3,female,21.0,0.0,0.0,0.0,NoGlasses,0.0,0.006,0.0,0.001,0.005,0.925,0.058,0.004,low,0.0,goodExposure,0.54,low,0.0,True,True,False,False,False,0.01,False
0.0,0.0,-2.6,-7.3,female,23.7,0.0,0.0,0.0,NoGlasses,0.0,0.003,0.0,0.0,0.0,0.848,0.149,0.0,low,0.0,goodExposure,0.59,low,0.0,True,True,False,False,False,0.01,False
0.0,0.0,28.9,-2.7,male,47.6,0.2,0.0,0.0,NoGlasses,0.078,0.014,0.013,0.206,0.0,0.204,0.013,0.472,low,0.0,goodExposure,0.7,low,0.0,False,False,False,False,False,0.47,False
0.0,0.0,17.6,5.4,female,22.6,0.0,0.0,0.0,NoGlasses,0.0,0.0,0.0,0.0,0.0,0.001,0.999,0.0,medium,0.33,goodExposure,0.68,low,0.0,True,True,False,False,False,0.01,False
0.005,0.0,-2.6,1.2,male,29.0,0.5,0.8,0.7,NoGlasses,0.0,0.059,0.0,0.0,0.005,0.893,0.043,0.0,medium,0.33,goodExposure,0.69,low,0.0,False,False,False,False,False,0.0,False
0.0,0.0,-7.9,0.1,male,39.3,0.5,0.4,0.4,NoGlasses,0.051,0.17,0.026,0.0,0.0,0.429,0.323,0.0,low,0.22,goodExposure,0.73,low,0.29,False,False,False,False,False,0.25,False
0.0,0.0,-14.3,8.3,female,36.0,0.0,0.0,0.0,NoGlasses,0.038,0.654,0.157,0.002,0.0,0.082,0.001,0.064,low,0.17,goodExposure,0.53,low,0.26,True,True,False,False,False,0.03,False
1.0,0.0,11.7,-20.1,male,32.8,0.6,0.7,0.6,NoGlasses,0.0,0.0,0.0,0.0,1.0,0.0,0.0,0.0,medium,0.71,goodExposure,0.54,high,1.0,True,False,False,False,False,0.01,False
0.0,0.0,-2.4,-4.6,female,46.6,0.0,0.0,0.0,NoGlasses,0.0,0.001,0.0,0.0,0.0,0.999,0.001,0.0,medium,0.5,goodExposure,0.61,low,0.24,False,False,False,False,False,0.09,False
0.04,0.0,-1.4,-0.8,female,28.7,0.0,0.0,0.0,NoGlasses,0.001,0.007,0.001,0.0,0.04,0.947,0.004,0.001,medium,0.35,goodExposure,0.66,medium,0.44,True,False,False,False,False,0.33,False
0.0,0.0,-5.2,0.8,male,19.5,0.3,0.2,0.1,NoGlasses,0.001,0.003,0.001,0.0,0.0,0.965,0.029,0.001,medium,0.26,goodExposure,0.7,medium,0.4,False,False,False,False,False,0.0,False
0.007,0.0,-6.9,-0.1,female,25.4,0.0,0.0,0.0,NoGlasses,0.003,0.004,0.004,0.002,0.007,0.868,0.091,0.02,low,0.0,goodExposure,0.52,low,0.0,False,True,False,False,False,0.05,False
0.932,0.0,7.6,-16.4,male,24.2,0.0,0.1,0.0,NoGlasses,0.0,0.0,0.0,0.0,0.932,0.066,0.0,0.001,medium,0.51,overExposure,0.76,medium,0.64,False,True,False,False,False,0.01,False
0.932,0.0,7.6,-16.4,male,24.2,0.0,0.1,0.0,NoGlasses,0.0,0.0,0.0,0.0,0.932,0.066,0.0,0.001,medium,0.51,overExposure,0.76,medium,0.64,False,True,False,False,False,0.01,False
0.122,0.0,1.4,13.8,male,37.8,0.6,0.4,0.3,NoGlasses,0.002,0.005,0.001,0.0,0.122,0.865,0.005,0.0,low,0.0,goodExposure,0.3,low,0.0,False,False,False,False,False,0.07,False
0.0,0.0,3.6,-12.9,male,32.6,0.5,0.7,0.3,NoGlasses,0.001,0.035,0.0,0.0,0.0,0.959,0.005,0.0,low,0.2,goodExposure,0.53,low,0.07,False,False,False,False,False,0.29,False
0.005,0.0,-2.9,-2.2,male,35.5,0.5,0.2,0.2,NoGlasses,0.0,0.022,0.001,0.0,0.005,0.94,0.032,0.0,medium,0.52,goodExposure,0.54,medium,0.56,False,False,False,False,False,0.73,False
0.001,0.0,-2.4,3.7,female,24.8,0.0,0.0,0.0,NoGlasses,0.0,0.0,0.0,0.0,0.001,0.999,0.0,0.0,low,0.2,goodExposure,0.64,low,0.26,True,True,False,False,False,0.0,False
0.0,0.0,0.3,2.2,male,37.1,0.3,0.2,0.4,NoGlasses,0.0,0.0,0.0,0.0,0.0,0.997,0.002,0.0,medium,0.33,goodExposure,0.64,medium,0.53,False,False,False,False,False,0.01,False
0.008,0.0,6.8,-3.8,male,34.9,0.0,0.0,0.2,NoGlasses,0.012,0.023,0.542,0.001,0.008,0.178,0.222,0.014,low,0.0,goodExposure,0.64,low,0.29,False,False,False,False,False,0.06,False
0.819,0.0,0.2,-13.4,female,26.3,0.0,0.0,0.0,NoGlasses,0.0,0.0,0.0,0.001,0.819,0.0,0.178,0.001,medium,0.31,goodExposure,0.62,low,0.01,True,True,False,False,False,0.01,False
0.002,0.0,1.1,0.7,male,43.1,0.4,0.5,0.1,NoGlasses,0.046,0.116,0.007,0.0,0.002,0.819,0.01,0.0,medium,0.6,goodExposure,0.61,medium,0.61,False,False,False,False,False,0.02,False
0.002,0.0,-12.9,-5.7,female,31.0,0.0,0.0,0.0,NoGlasses,0.015,0.081,0.024,0.0,0.002,0.62,0.256,0.001,low,0.14,goodExposure,0.73,low,0.1,True,True,False,False,False,0.01,False
0.001,0.0,2.7,5.3,male,27.1,0.0,0.0,0.1,NoGlasses,0.0,0.007,0.0,0.0,0.001,0.992,0.0,0.0,medium,0.7,goodExposure,0.62,medium,0.43,True,False,False,False,False,0.0,False
0.0,0.0,0.0,2.4,male,37.3,0.4,0.3,0.4,NoGlasses,0.004,0.0,0.004,0.001,0.0,0.336,0.001,0.653,low,0.0,goodExposure,0.58,low,0.27,True,False,False,False,False,0.01,False
0.0,0.0,7.2,-7.6,female,26.2,0.0,0.0,0.0,NoGlasses,0.0,0.0,0.0,0.0,0.0,0.942,0.058,0.0,medium,0.3,goodExposure,0.62,low,0.17,True,True,False,False,False,0.0,False
0.129,0.0,30.2,-16.0,female,27.2,0.0,0.0,0.0,NoGlasses,0.001,0.019,0.002,0.0,0.129,0.742,0.105,0.0,medium,0.53,goodExposure,0.36,low,0.0,True,True,False,False,False,0.0,False
0.0,0.0,-3.5,-3.5,female,46.8,0.0,0.0,0.0,NoGlasses,0.0,0.0,0.0,0.0,0.0,0.999,0.0,0.0,low,0.25,goodExposure,0.57,low,0.17,False,False,False,False,False,0.09,False
0.002,0.0,-6.4,-21.3,female,24.8,0.0,0.0,0.0,NoGlasses,0.001,0.002,0.0,0.002,0.002,0.96,0.018,0.016,low,0.0,goodExposure,0.56,low,0.13,True,True,False,False,False,0.0,False
1.0,0.0,6.0,-1.9,female,27.2,0.0,0.0,0.0,NoGlasses,0.0,0.0,0.0,0.0,1.0,0.0,0.0,0.0,medium,0.39,goodExposure,0.65,low,0.01,True,True,False,False,False,0.01,False
0.0,0.0,-4.1,-4.6,male,45.8,0.5,0.6,0.4,NoGlasses,0.004,0.004,0.0,0.0,0.0,0.977,0.015,0.0,low,0.0,overExposure,0.83,low,0.0,False,False,False,False,False,0.93,False
0.014,0.0,0.6,-7.3,female,17.7,0.0,0.0,0.0,NoGlasses,0.0,0.001,0.0,0.0,0.014,0.977,0.007,0.002,medium,0.41,goodExposure,0.63,medium,0.41,True,True,False,False,False,0.7,False
0.156,0.0,-1.2,-2.9,male,39.7,0.3,0.3,0.2,NoGlasses,0.0,0.0,0.0,0.006,0.156,0.0,0.0,0.839,low,0.0,goodExposure,0.36,low,0.12,False,False,False,False,False,0.48,False
0.0,0.0,-4.6,4.7,male,20.5,0.2,0.0,0.0,NoGlasses,0.0,0.001,0.0,0.0,0.0,0.998,0.0,0.0,medium,0.46,goodExposure,0.74,low,0.02,False,False,False,False,False,0.01,False
0.0,0.0,0.0,-4.0,male,31.4,0.5,0.4,0.3,NoGlasses,0.0,0.0,0.0,0.0,0.0,1.0,0.0,0.0,medium,0.52,goodExposure,0.66,low,0.01,False,False,False,False,False,0.06,False
0.0,0.0,0.1,1.5,male,36.1,0.5,0.3,0.2,NoGlasses,0.0,0.002,0.0,0.0,0.0,0.995,0.002,0.0,low,0.1,overExposure,0.77,low,0.03,False,False,False,False,False,0.01,False
0.002,0.0,-3.1,-8.5,male,43.5,0.7,0.5,0.4,NoGlasses,0.0,0.002,0.001,0.0,0.002,0.982,0.002,0.011,medium,0.49,goodExposure,0.44,low,0.01,False,False,False,False,False,0.12,False
0.95,0.0,-2.6,-5.6,male,50.6,0.6,0.9,0.2,NoGlasses,0.007,0.003,0.007,0.0,0.95,0.03,0.002,0.0,low,0.1,goodExposure,0.75,low,0.17,False,False,False,False,False,0.89,False
0.006,0.0,8.1,-23.7,female,40.6,0.0,0.0,0.0,NoGlasses,0.021,0.01,0.04,0.1,0.006,0.406,0.222,0.195,medium,0.27,goodExposure,0.59,medium,0.34,True,True,False,False,False,0.04,False
0.004,0.0,-25.0,-25.2,male,23.5,0.1,0.1,0.1,NoGlasses,0.0,0.006,0.0,0.0,0.004,0.973,0.016,0.001,medium,0.62,goodExposure,0.74,low,0.14,False,True,False,False,False,0.05,False
0.0,0.0,3.9,-3.7,female,35.9,0.0,0.0,0.0,NoGlasses,0.007,0.004,0.001,0.0,0.0,0.938,0.049,0.001,medium,0.38,goodExposure,0.45,low,0.22,True,True,True,False,False,0.0,True
0.0,0.0,-1.5,-5.2,female,44.8,0.0,0.0,0.0,NoGlasses,0.006,0.004,0.001,0.0,0.0,0.955,0.033,0.0,high,1.0,goodExposure,0.71,medium,0.31,False,False,False,False,False,0.01,False
0.069,0.0,-0.3,-6.3,male,39.7,0.6,0.7,0.7,NoGlasses,0.171,0.003,0.076,0.027,0.069,0.446,0.17,0.038,medium,0.55,goodExposure,0.33,low,0.0,False,False,False,False,False,0.01,False
0.549,0.0,-1.5,-9.3,female,26.9,0.0,0.0,0.0,NoGlasses,0.001,0.001,0.007,0.001,0.549,0.19,0.248,0.003,high,0.9,overExposure,0.99,low,0.0,True,True,False,False,False,0.05,False
0.007,0.0,5.1,-2.0,male,24.4,0.2,0.3,0.0,SwimmingGoggles,0.0,0.001,0.0,0.0,0.007,0.99,0.0,0.001,medium,0.26,goodExposure,0.41,low,0.0,False,False,False,False,False,0.99,False
0.0,0.0,-2.1,1.6,male,40.2,0.2,0.1,0.0,NoGlasses,0.006,0.002,0.003,0.001,0.0,0.967,0.017,0.004,medium,0.31,goodExposure,0.72,low,0.23,False,False,False,False,False,0.01,False
0.002,0.0,3.3,-16.4,female,18.5,0.0,0.0,0.0,NoGlasses,0.0,0.001,0.002,0.001,0.002,0.565,0.424,0.004,medium,0.38,goodExposure,0.62,low,0.23,False,False,False,False,False,0.04,False
0.951,0.0,12.2,-21.2,female,24.4,0.0,0.0,0.0,NoGlasses,0.0,0.0,0.001,0.0,0.951,0.0,0.048,0.0,medium,0.41,goodExposure,0.65,medium,0.64,True,True,False,False,False,0.03,False
0.007,0.0,10.5,-3.9,female,23.2,0.0,0.0,0.0,NoGlasses,0.0,0.0,0.0,0.13,0.007,0.466,0.046,0.351,medium,0.46,goodExposure,0.64,low,0.0,True,True,False,False,False,0.03,False
0.0,0.0,-4.1,-13.5,male,28.5,0.1,0.4,0.2,NoGlasses,0.068,0.109,0.033,0.0,0.0,0.778,0.011,0.0,low,0.15,goodExposure,0.67,medium,0.42,False,False,False,False,False,0.01,False
0.047,0.0,-1.0,-6.0,female,17.3,0.0,0.0,0.0,NoGlasses,0.0,0.001,0.0,0.0,0.047,0.941,0.007,0.004,medium,0.26,goodExposure,0.62,medium,0.33,True,True,False,False,False,0.4,False
0.001,0.0,-2.9,-2.2,male,34.2,0.5,0.5,0.4,NoGlasses,0.085,0.592,0.045,0.0,0.001,0.232,0.046,0.0,low,0.0,overExposure,0.77,medium,0.59,False,True,False,False,False,0.01,False
0.002,0.0,-3.5,-9.2,male,28.6,0.5,0.1,0.1,NoGlasses,0.0,0.005,0.0,0.0,0.002,0.97,0.018,0.004,high,1.0,goodExposure,0.59,high,1.0,False,False,False,False,False,0.03,False
0.0,0.0,-4.3,-11.7,male,57.1,0.1,0.3,0.1,NoGlasses,0.336,0.205,0.025,0.0,0.0,0.269,0.165,0.0,low,0.14,goodExposure,0.57,medium,0.52,False,False,False,False,False,0.58,False
0.0,0.0,-17.0,-20.5,male,40.0,0.6,0.6,0.7,NoGlasses,0.001,0.001,0.001,0.0,0.0,0.746,0.25,0.001,medium,0.56,goodExposure,0.66,low,0.26,False,False,False,False,False,0.01,False
0.027,0.0,-0.2,-3.4,female,42.0,0.0,0.0,0.0,NoGlasses,0.0,0.007,0.0,0.0,0.027,0.963,0.002,0.0,medium,0.6,goodExposure,0.53,high,0.89,False,True,False,False,False,0.03,False
0.0,0.0,2.1,0.1,male,42.6,0.4,0.7,0.4,NoGlasses,0.0,0.001,0.0,0.0,0.0,0.996,0.002,0.0,low,0.0,overExposure,0.9,high,1.0,False,False,False,False,False,0.12,False
0.001,0.0,-1.4,14.2,female,32.1,0.0,0.0,0.0,NoGlasses,0.064,0.016,0.005,0.002,0.001,0.9,0.005,0.006,medium,0.65,overExposure,0.75,low,0.03,True,True,False,False,False,0.0,False
0.0,0.0,-9.8,1.3,male,33.1,0.4,0.7,0.5,NoGlasses,0.007,0.028,0.001,0.0,0.0,0.509,0.455,0.0,medium,0.35,goodExposure,0.6,medium,0.54,True,False,False,False,False,0.02,False
0.001,0.0,2.4,-6.9,female,46.7,0.0,0.0,0.0,NoGlasses,0.071,0.054,0.003,0.0,0.001,0.627,0.244,0.0,medium,0.55,goodExposure,0.63,medium,0.5,True,False,False,False,False,0.01,False
0.0,0.0,17.3,1.7,male,35.4,0.2,0.1,0.0,NoGlasses,0.0,0.001,0.0,0.0,0.0,0.932,0.065,0.0,medium,0.61,overExposure,0.98,medium,0.39,False,False,False,False,False,0.0,False
0.935,0.0,8.2,-16.1,male,24.1,0.0,0.1,0.0,NoGlasses,0.0,0.0,0.0,0.0,0.935,0.064,0.0,0.0,medium,0.44,overExposure,0.76,medium,0.48,False,True,False,False,False,0.02,False
0.125,0.0,0.9,-3.2,female,37.9,0.0,0.0,0.0,NoGlasses,0.002,0.041,0.005,0.001,0.125,0.783,0.038,0.005,medium,0.39,goodExposure,0.68,medium,0.33,True,True,False,False,False,0.05,False
0.026,0.0,-7.6,-13.1,male,37.5,0.2,0.0,0.2,NoGlasses,0.002,0.006,0.002,0.0,0.026,0.941,0.023,0.0,medium,0.65,goodExposure,0.71,low,0.19,False,False,False,False,False,0.04,False
0.03,0.0,-5.8,18.9,male,41.9,0.3,0.2,0.2,NoGlasses,0.0,0.014,0.014,0.0,0.03,0.737,0.196,0.009,low,0.11,overExposure,0.8,low,0.0,True,False,False,False,False,0.06,False
0.002,0.0,-9.4,-11.9,male,49.7,0.9,1.0,0.6,NoGlasses,0.001,0.0,0.0,0.011,0.002,0.912,0.038,0.035,low,0.0,goodExposure,0.64,medium,0.37,True,True,False,False,False,0.27,False
0.004,0.0,-17.7,6.1,female,47.7,0.0,0.0,0.0,NoGlasses,0.012,0.008,0.012,0.018,0.004,0.824,0.096,0.026,low,0.0,goodExposure,0.49,high,0.71,True,False,False,False,False,0.01,False
0.0,0.0,-9.2,-1.3,male,22.3,0.0,0.0,0.0,ReadingGlasses,0.0,0.0,0.0,0.0,0.0,0.987,0.002,0.01,low,0.15,goodExposure,0.68,low,0.0,True,False,True,False,False,0.0,True
0.0,0.0,0.2,-4.4,male,28.4,0.6,0.8,0.6,NoGlasses,0.0,0.001,0.0,0.0,0.0,0.971,0.028,0.0,medium,0.71,underExposure,0.19,low,0.08,False,False,False,False,False,0.01,False
0.0,0.0,-4.3,5.3,female,46.9,0.0,0.0,0.0,NoGlasses,0.0,0.002,0.001,0.0,0.0,0.561,0.436,0.0,medium,0.33,goodExposure,0.64,medium,0.4,False,False,False,False,False,0.0,False
0.032,0.0,-4.6,3.0,male,84.0,0.5,0.5,0.3,NoGlasses,0.021,0.001,0.003,0.02,0.032,0.812,0.06,0.051,medium,0.43,goodExposure,0.59,low,0.0,False,False,False,False,False,0.0,False
0.0,0.0,-5.1,7.4,male,31.9,0.0,0.2,0.0,NoGlasses,0.266,0.0,0.007,0.0,0.0,0.025,0.702,0.0,low,0.0,goodExposure,0.71,low,0.0,True,False,False,False,False,0.01,False
1.0,0.0,-0.7,-3.1,female,34.1,0.0,0.0,0.0,NoGlasses,0.0,0.0,0.0,0.0,1.0,0.0,0.0,0.0,medium,0.69,goodExposure,0.51,low,0.0,True,True,True,False,False,0.0,True
0.001,0.0,-2.1,-3.6,male,42.0,0.4,0.3,0.2,NoGlasses,0.0,0.003,0.0,0.0,0.001,0.981,0.015,0.0,low,0.17,goodExposure,0.53,low,0.03,False,False,False,False,False,0.98,False
0.001,0.0,5.4,-25.0,female,24.2,0.0,0.0,0.0,NoGlasses,0.001,0.007,0.001,0.001,0.001,0.948,0.035,0.008,low,0.21,overExposure,0.78,low,0.0,True,True,False,False,False,0.0,False
0.0,0.0,-1.4,1.5,male,27.8,0.4,0.4,0.5,NoGlasses,0.0,0.002,0.0,0.0,0.0,0.991,0.007,0.0,medium,0.61,goodExposure,0.61,low,0.1,True,False,False,False,False,0.05,False
0.842,0.0,-8.2,2.4,female,48.3,0.0,0.0,0.0,Sunglasses,0.005,0.011,0.006,0.001,0.842,0.114,0.004,0.015,medium,0.38,overExposure,0.77,medium,0.56,True,False,False,False,False,0.05,False
0.001,0.0,0.7,-2.3,male,29.1,0.4,0.2,0.1,NoGlasses,0.0,0.003,0.001,0.0,0.001,0.91,0.084,0.001,high,0.89,goodExposure,0.6,low,0.01,False,False,False,False,False,0.01,False
1.0,0.0,-1.9,4.8,male,43.4,0.3,0.1,0.1,NoGlasses,0.0,0.0,0.0,0.0,1.0,0.0,0.0,0.0,low,0.13,goodExposure,0.5,low,0.13,False,False,False,False,False,0.97,False
0.0,0.0,-5.5,-4.6,female,18.4,0.0,0.0,0.0,NoGlasses,0.0,0.008,0.0,0.0,0.0,0.963,0.029,0.0,high,0.88,goodExposure,0.69,medium,0.65,False,False,True,False,False,0.0,True
0.001,0.0,-0.1,-4.3,male,31.8,0.4,0.4,0.5,NoGlasses,0.001,0.004,0.001,0.0,0.001,0.984,0.009,0.001,low,0.19,goodExposure,0.53,low,0.13,False,True,False,False,False,1.0,False
0.022,0.0,6.6,2.0,female,53.9,0.0,0.0,0.0,NoGlasses,0.001,0.006,0.007,0.003,0.022,0.345,0.615,0.002,medium,0.64,goodExposure,0.69,medium,0.36,True,True,False,False,False,0.01,False
0.0,0.0,-7.6,-1.2,female,27.0,0.0,0.0,0.0,NoGlasses,0.001,0.0,0.001,0.0,0.0,0.979,0.017,0.002,medium,0.48,overExposure,1.0,low,0.0,True,True,False,False,False,0.2,False
0.0,0.0,2.3,-2.1,male,35.5,0.3,0.4,0.1,NoGlasses,0.0,0.006,0.0,0.0,0.0,0.946,0.045,0.002,medium,0.55,overExposure,0.78,high,0.7,False,False,False,False,False,0.12,False
0.0,0.0,-4.4,-3.7,female,45.8,0.0,0.0,0.0,NoGlasses,0.011,0.004,0.001,0.0,0.0,0.427,0.556,0.0,medium,0.43,goodExposure,0.64,low,0.05,False,False,False,False,False,0.31,False
0.0,0.0,-0.3,0.2,male,43.8,0.0,0.2,0.1,ReadingGlasses,0.0,0.0,0.0,0.0,0.0,0.999,0.0,0.0,low,0.01,goodExposure,0.55,low,0.0,False,False,False,False,False,0.01,False
0.0,0.0,-4.6,3.4,female,30.8,0.0,0.0,0.0,NoGlasses,0.0,0.002,0.0,0.0,0.0,0.994,0.005,0.0,low,0.03,goodExposure,0.44,low,0.13,True,True,False,False,False,0.01,False
0.495,0.0,-7.8,-2.2,male,30.5,0.6,0.5,0.5,NoGlasses,0.001,0.041,0.006,0.0,0.495,0.075,0.381,0.0,medium,0.55,goodExposure,0.61,medium,0.7,False,False,False,False,False,0.37,False
0.164,0.0,0.6,0.0,male,42.2,0.1,0.3,0.1,NoGlasses,0.0,0.054,0.0,0.0,0.164,0.777,0.004,0.0,medium,0.69,goodExposure,0.72,medium,0.5,False,False,False,False,False,0.01,False
0.0,0.0,0.5,-13.2,female,25.5,0.0,0.0,0.0,NoGlasses,0.0,0.001,0.0,0.0,0.0,0.916,0.082,0.001,medium,0.43,goodExposure,0.37,low,0.0,True,True,False,False,False,0.0,False
0.0,0.0,-5.6,-3.6,male,32.3,0.5,0.7,0.6,NoGlasses,0.0,0.0,0.0,0.0,0.0,1.0,0.0,0.0,high,0.78,goodExposure,0.38,low,0.0,True,False,False,False,False,0.55,False
0.065,0.0,-10.7,16.6,female,25.3,0.0,0.0,0.0,NoGlasses,0.001,0.003,0.003,0.004,0.065,0.659,0.255,0.011,low,0.22,goodExposure,0.49,low,0.09,True,True,False,False,False,0.01,False
0.021,0.0,6.3,3.6,female,31.5,0.0,0.0,0.0,NoGlasses,0.033,0.096,0.013,0.004,0.021,0.717,0.103,0.013,medium,0.61,goodExposure,0.37,low,0.16,False,False,False,False,False,0.0,False
0.0,0.0,3.6,2.4,female,25.6,0.0,0.0,0.0,NoGlasses,0.051,0.0,0.0,0.0,0.0,0.059,0.89,0.0,medium,0.3,goodExposure,0.55,low,0.16,True,True,False,False,False,0.0,False
0.048,0.0,-1.9,14.2,male,50.3,0.6,0.6,0.0,NoGlasses,0.058,0.026,0.031,0.003,0.048,0.778,0.048,0.008,medium,0.26,goodExposure,0.28,low,0.0,False,False,False,False,False,0.88,False
0.0,0.0,4.5,-1.0,male,29.9,0.6,0.3,0.5,NoGlasses,0.003,0.003,0.001,0.0,0.0,0.721,0.271,0.0,medium,0.27,goodExposure,0.52,low,0.3,True,False,False,False,False,0.63,False
0.0,0.0,-6.4,-9.5,female,23.6,0.0,0.0,0.0,NoGlasses,0.0,0.002,0.0,0.0,0.0,0.924,0.073,0.0,low,0.0,goodExposure,0.54,low,0.19,True,True,False,False,False,0.0,False
0.01,0.0,31.0,5.4,female,22.6,0.0,0.0,0.0,NoGlasses,0.0,0.008,0.0,0.001,0.01,0.964,0.008,0.009,medium,0.28,goodExposure,0.64,low,0.2,True,False,False,False,False,0.03,False
0.007,0.0,-5.0,4.6,female,20.1,0.0,0.0,0.0,NoGlasses,0.008,0.055,0.032,0.016,0.007,0.445,0.361,0.077,medium,0.48,goodExposure,0.58,low,0.23,False,False,False,False,False,0.15,False
0.046,0.0,-24.6,22.3,female,19.4,0.0,0.0,0.0,NoGlasses,0.0,0.001,0.0,0.002,0.046,0.723,0.003,0.225,high,1.0,goodExposure,0.74,low,0.18,True,False,False,False,False,0.14,False
0.003,0.0,3.3,7.6,male,60.5,1.0,0.7,0.5,NoGlasses,0.0,0.001,0.0,0.0,0.003,0.994,0.001,0.0,low,0.05,overExposure,0.81,low,0.0,False,False,False,False,False,0.2,False
0.048,0.0,7.4,-11.9,male,35.8,0.5,0.7,0.8,NoGlasses,0.0,0.007,0.0,0.0,0.048,0.944,0.001,0.0,low,0.0,overExposure,0.84,low,0.0,True,False,False,False,False,0.0,False
0.059,0.0,20.8,-6.0,male,32.1,0.5,0.4,0.3,NoGlasses,0.002,0.0,0.0,0.0,0.059,0.774,0.164,0.0,low,0.0,goodExposure,0.5,low,0.0,True,False,False,False,False,0.78,False
0.0,0.0,4.6,-21.3,male,24.4,0.0,0.1,0.1,NoGlasses,0.063,0.004,0.247,0.017,0.0,0.092,0.537,0.04,medium,0.44,goodExposure,0.44,medium,0.48,False,True,False,False,False,0.07,False
0.0,0.0,0.9,1.2,male,30.2,0.2,0.3,0.1,NoGlasses,0.002,0.001,0.001,0.001,0.0,0.972,0.001,0.023,low,0.23,goodExposure,0.68,low,0.12,False,False,False,False,False,0.14,False
0.0,0.0,17.5,20.6,female,25.0,0.0,0.0,0.0,NoGlasses,0.0,0.01,0.0,0.0,0.0,0.983,0.007,0.0,low,0.0,goodExposure,0.63,low,0.05,True,False,False,True,False,0.0,False
1.0,0.0,-17.6,-4.5,female,24.8,0.0,0.0,0.0,NoGlasses,0.0,0.0,0.0,0.0,1.0,0.0,0.0,0.0,low,0.0,goodExposure,0.43,low,0.0,True,True,False,False,False,0.02,False
0.584,0.0,4.6,-11.9,male,33.6,0.4,0.2,0.3,NoGlasses,0.294,0.0,0.008,0.004,0.584,0.001,0.11,0.0,low,0.0,overExposure,0.77,medium,0.52,False,False,False,False,False,0.06,False
0.0,0.0,1.7,5.2,male,53.8,0.0,0.2,0.0,ReadingGlasses,0.003,0.007,0.0,0.0,0.0,0.981,0.008,0.0,high,1.0,goodExposure,0.48,low,0.0,False,False,False,False,False,0.96,False
0.0,0.0,-1.9,9.8,male,34.8,0.4,0.5,0.5,NoGlasses,0.0,0.005,0.0,0.0,0.0,0.994,0.001,0.0,medium,0.42,goodExposure,0.52,low,0.15,True,False,True,False,False,0.0,True
0.0,0.0,3.0,-5.2,female,25.2,0.0,0.0,0.0,NoGlasses,0.0,0.001,0.0,0.0,0.0,0.892,0.107,0.0,low,0.0,goodExposure,0.59,low,0.0,True,False,False,False,False,0.0,False
0.009,0.0,-0.7,3.5,female,24.7,0.0,0.0,0.0,NoGlasses,0.0,0.005,0.001,0.001,0.009,0.864,0.118,0.004,high,0.76,goodExposure,0.59,low,0.0,True,True,False,False,False,0.01,False
0.0,0.0,0.4,3.0,male,35.0,0.6,0.5,0.5,NoGlasses,0.0,0.0,0.0,0.0,0.0,0.757,0.243,0.0,medium,0.73,goodExposure,0.62,low,0.07,False,False,False,False,False,0.17,False
1.0,0.0,-18.4,-4.9,female,24.7,0.0,0.0,0.0,NoGlasses,0.0,0.0,0.0,0.0,1.0,0.0,0.0,0.0,low,0.0,goodExposure,0.44,low,0.0,True,True,False,False,False,0.01,False
0.059,0.0,-8.4,1.7,male,41.9,0.6,0.4,0.1,NoGlasses,0.004,0.013,0.005,0.001,0.059,0.868,0.045,0.004,low,0.03,goodExposure,0.49,low,0.29,False,False,False,False,False,0.04,False
0.008,0.0,-20.8,0.5,female,54.6,0.0,0.0,0.0,NoGlasses,0.001,0.019,0.005,0.004,0.008,0.832,0.116,0.015,low,0.0,goodExposure,0.74,low,0.0,True,True,False,False,False,0.02,False
0.068,0.0,-18.0,2.6,female,27.6,0.0,0.0,0.0,NoGlasses,0.018,0.002,0.003,0.118,0.068,0.097,0.001,0.693,high,1.0,goodExposure,0.56,medium,0.65,True,False,False,False,False,0.03,False
0.001,0.0,1.7,2.0,male,45.5,0.1,0.0,0.1,NoGlasses,0.02,0.064,0.002,0.0,0.001,0.89,0.023,0.0,medium,0.25,goodExposure,0.66,medium,0.47,False,False,False,False,False,0.05,False
0.0,0.0,8.4,-4.4,male,28.6,0.2,0.2,0.2,NoGlasses,0.0,0.001,0.0,0.0,0.0,0.891,0.108,0.0,low,0.14,goodExposure,0.74,low,0.16,False,False,False,False,False,0.02,False
0.004,0.0,1.6,-1.6,female,22.0,0.0,0.0,0.0,NoGlasses,0.002,0.017,0.005,0.002,0.004,0.747,0.221,0.003,low,0.2,goodExposure,0.73,low,0.03,False,False,False,False,False,0.04,False
0.002,0.0,-9.0,-8.6,male,13.4,0.0,0.0,0.0,NoGlasses,0.008,0.019,0.001,0.0,0.002,0.932,0.036,0.002,medium,0.37,goodExposure,0.35,medium,0.34,False,False,False,False,False,0.07,False
1.0,0.0,-6.1,6.3,female,46.0,0.0,0.0,0.0,NoGlasses,0.0,0.0,0.0,0.0,1.0,0.0,0.0,0.0,medium,0.32,goodExposure,0.46,low,0.26,True,True,False,False,False,0.09,False
0.008,0.0,-5.9,-1.2,male,18.8,0.1,0.4,0.3,NoGlasses,0.0,0.019,0.0,0.0,0.008,0.832,0.14,0.0,medium,0.4,goodExposure,0.54,low,0.02,True,True,False,False,False,0.02,False
1.0,0.0,-5.6,12.0,female,33.9,0.0,0.0,0.0,ReadingGlasses,0.0,0.0,0.0,0.0,1.0,0.0,0.0,0.0,low,0.0,goodExposure,0.55,low,0.0,False,False,False,False,False,0.06,False
0.002,0.0,-9.6,-4.3,male,54.5,0.1,0.0,0.0,NoGlasses,0.0,0.015,0.0,0.0,0.002,0.948,0.035,0.0,high,1.0,goodExposure,0.67,low,0.26,False,False,False,False,False,0.04,False
0.001,0.0,-9.6,2.8,female,26.0,0.0,0.0,0.0,NoGlasses,0.001,0.002,0.015,0.005,0.001,0.05,0.925,0.0,medium,0.34,goodExposure,0.58,low,0.0,True,True,False,False,False,0.01,False
0.003,0.0,-7.7,-2.2,male,27.4,0.4,0.4,0.4,NoGlasses,0.001,0.009,0.014,0.002,0.003,0.831,0.022,0.119,medium,0.51,goodExposure,0.67,medium,0.62,False,False,False,False,False,0.99,False
0.0,0.0,-0.8,3.9,male,58.9,0.0,0.0,0.1,NoGlasses,0.02,0.005,0.003,0.0,0.0,0.918,0.052,0.001,medium,0.51,goodExposure,0.49,low,0.0,False,False,False,False,False,0.26,False
0.032,0.0,1.7,-14.4,male,30.4,0.0,0.0,0.0,NoGlasses,0.066,0.079,0.159,0.107,0.032,0.094,0.456,0.005,low,0.13,goodExposure,0.62,medium,0.61,False,False,False,False,False,0.03,False
0.0,0.0,1.5,-3.6,male,28.7,0.3,0.2,0.1,NoGlasses,0.0,0.0,0.0,0.0,0.0,0.997,0.003,0.0,medium,0.29,overExposure,0.94,medium,0.46,False,False,False,False,False,0.01,False
0.017,0.0,-1.4,-2.4,male,32.3,0.2,0.2,0.1,NoGlasses,0.0,0.014,0.002,0.0,0.017,0.915,0.05,0.001,low,0.22,goodExposure,0.67,high,1.0,True,True,True,False,False,0.0,True
0.2,0.0,-12.2,-3.9,female,38.0,0.0,0.0,0.0,NoGlasses,0.0,0.009,0.0,0.0,0.2,0.768,0.019,0.002,low,0.19,goodExposure,0.64,low,0.22,False,True,False,False,False,0.01,False
0.0,0.0,-8.9,-3.3,male,38.3,0.1,0.2,0.1,NoGlasses,0.0,0.0,0.0,0.0,0.0,0.932,0.067,0.0,high,0.81,goodExposure,0.72,low,0.28,False,False,False,False,False,0.03,False
0.0,0.0,-9.0,3.6,male,46.5,0.0,0.0,0.0,NoGlasses,0.001,0.031,0.001,0.0,0.0,0.646,0.322,0.0,medium,0.55,goodExposure,0.67,medium,0.69,False,False,False,False,False,0.92,False
0.0,0.0,1.2,-0.4,male,39.1,0.7,0.7,0.4,NoGlasses,0.001,0.001,0.0,0.0,0.0,0.889,0.108,0.001,low,0.0,goodExposure,0.66,low,0.03,False,False,False,False,False,0.01,False
0.142,0.0,9.6,-21.3,male,47.7,0.2,0.1,0.1,NoGlasses,0.057,0.033,0.015,0.003,0.142,0.705,0.007,0.039,low,0.1,overExposure,0.77,low,0.2,False,False,False,False,False,0.82,False
0.0,0.0,-3.8,6.7,male,33.8,0.2,0.2,0.1,NoGlasses,0.0,0.005,0.001,0.0,0.0,0.936,0.052,0.006,medium,0.3,overExposure,0.77,medium,0.6,True,False,False,False,True,0.01,False
0.0,0.0,-7.3,5.5,male,26.1,0.1,0.2,0.3,NoGlasses,0.0,0.0,0.0,0.0,0.0,0.999,0.001,0.0,low,0.15,goodExposure,0.61,low,0.24,True,False,False,False,False,0.01,False
0.0,0.0,-0.7,-2.1,male,41.4,0.4,0.3,0.1,NoGlasses,0.0,0.001,0.0,0.0,0.0,0.998,0.001,0.0,high,0.81,goodExposure,0.64,high,0.79,False,False,False,False,False,0.03,False
0.0,0.0,-7.1,18.7,female,23.3,0.0,0.0,0.0,NoGlasses,0.001,0.0,0.0,0.0,0.0,0.319,0.68,0.0,low,0.0,goodExposure,0.65,low,0.0,True,True,False,True,False,0.0,False
1.0,0.0,5.7,-6.5,female,25.9,0.0,0.0,0.0,NoGlasses,0.0,0.0,0.0,0.0,1.0,0.0,0.0,0.0,low,0.0,underExposure,0.23,low,0.0,True,False,False,False,False,0.02,False
1.0,0.0,5.6,0.0,female,30.2,0.0,0.0,0.0,NoGlasses,0.0,0.0,0.0,0.0,1.0,0.0,0.0,0.0,low,0.0,overExposure,0.76,low,0.0,True,True,False,False,False,0.01,False
0.0,0.0,2.1,17.5,male,42.8,0.5,0.2,0.3,NoGlasses,0.002,0.003,0.0,0.0,0.0,0.88,0.114,0.0,low,0.1,goodExposure,0.65,medium,0.32,True,False,False,False,False,0.01,False
0.945,0.0,-5.4,15.1,male,39.6,0.8,0.8,0.6,NoGlasses,0.005,0.001,0.011,0.001,0.945,0.004,0.003,0.031,low,0.0,goodExposure,0.61,high,0.98,False,False,False,False,False,0.02,False
0.0,0.0,-2.5,-18.9,female,35.6,0.0,0.0,0.0,NoGlasses,0.0,0.001,0.0,0.0,0.0,0.997,0.002,0.0,medium,0.32,goodExposure,0.58,low,0.16,False,False,False,False,False,0.01,False
0.0,0.0,5.9,6.1,male,34.0,0.5,0.4,0.4,NoGlasses,0.0,0.04,0.0,0.0,0.0,0.948,0.011,0.0,low,0.22,goodExposure,0.62,low,0.13,True,False,False,False,False,0.02,False
0.001,0.0,1.5,-1.2,female,8.4,0.0,0.0,0.0,NoGlasses,0.027,0.035,0.001,0.0,0.001,0.776,0.16,0.001,low,0.0,goodExposure,0.52,low,0.0,True,True,False,False,False,0.01,False
0.01,0.0,1.0,0.8,male,76.1,0.1,0.0,0.0,NoGlasses,0.002,0.007,0.006,0.001,0.01,0.888,0.052,0.035,high,0.97,goodExposure,0.62,medium,0.42,False,False,False,False,False,0.63,False
0.854,0.0,0.3,0.5,female,27.6,0.0,0.0,0.0,NoGlasses,0.011,0.005,0.023,0.001,0.854,0.063,0.04,0.003,low,0.01,overExposure,0.92,low,0.28,True,True,False,False,False,0.0,False
0.05,0.0,6.4,-11.5,female,20.5,0.0,0.0,0.0,NoGlasses,0.011,0.004,0.007,0.002,0.05,0.42,0.029,0.479,low,0.15,goodExposure,0.67,low,0.0,True,True,False,False,False,0.0,False
0.0,0.0,-3.7,-3.4,male,29.4,0.3,0.2,0.1,ReadingGlasses,0.001,0.0,0.0,0.0,0.0,0.992,0.007,0.0,high,0.79,overExposure,0.87,low,0.0,False,False,False,False,False,0.08,False
0.0,0.0,-3.5,0.3,female,35.0,0.0,0.0,0.0,NoGlasses,0.001,0.01,0.047,0.357,0.0,0.05,0.521,0.014,low,0.0,goodExposure,0.48,low,0.0,True,True,True,False,False,0.0,True
0.0,0.0,-1.4,-0.5,male,46.6,0.6,0.6,0.3,NoGlasses,0.0,0.0,0.0,0.0,0.0,0.996,0.004,0.0,medium,0.55,goodExposure,0.69,medium,0.6,False,False,False,False,False,0.96,False
0.896,0.0,2.7,-0.4,male,29.4,0.5,0.6,0.0,NoGlasses,0.0,0.001,0.0,0.0,0.896,0.102,0.0,0.0,medium,0.71,goodExposure,0.69,low,0.0,False,False,False,False,False,0.78,False
0.0,0.0,-0.3,1.1,male,38.4,0.1,0.1,0.2,NoGlasses,0.011,0.027,0.001,0.0,0.0,0.957,0.003,0.001,medium,0.46,overExposure,0.75,high,0.7,False,False,False,False,False,0.01,False
0.014,0.0,1.8,7.9,male,53.6,0.0,0.1,0.0,NoGlasses,0.0,0.002,0.0,0.0,0.014,0.984,0.0,0.0,medium,0.39,goodExposure,0.65,medium,0.49,False,False,False,False,False,0.72,False
0.003,0.0,0.5,5.6,female,27.7,0.0,0.0,0.0,NoGlasses,0.03,0.036,0.021,0.004,0.003,0.818,0.062,0.026,low,0.13,goodExposure,0.6,medium,0.54,True,True,False,False,False,0.0,False
0.0,0.0,-16.1,-12.8,female,22.8,0.0,0.0,0.0,NoGlasses,0.0,0.001,0.0,0.001,0.0,0.356,0.641,0.0,low,0.22,goodExposure,0.65,low,0.25,True,True,False,False,False,0.01,False
0.0,0.0,-1.3,4.5,male,45.1,0.5,0.4,0.4,NoGlasses,0.0,0.0,0.0,0.0,0.0,0.999,0.001,0.0,high,0.91,goodExposure,0.68,low,0.18,False,False,False,False,False,0.02,False
0.954,0.0,7.8,-15.2,male,24.4,0.0,0.1,0.0,NoGlasses,0.0,0.0,0.0,0.0,0.954,0.045,0.0,0.0,medium,0.44,overExposure,0.76,low,0.22,False,True,False,False,False,0.01,False
0.0,0.0,2.0,-0.8,male,38.8,0.4,0.4,0.1,NoGlasses,0.0,0.001,0.0,0.0,0.0,0.987,0.0,0.011,medium,0.43,goodExposure,0.7,low,0.0,False,False,False,False,False,0.64,False
0.0,0.0,-8.7,0.2,male,27.6,0.3,0.3,0.1,NoGlasses,0.0,0.005,0.0,0.001,0.0,0.943,0.005,0.046,medium,0.27,goodExposure,0.7,low,0.0,False,False,False,False,False,0.28,False
0.0,0.0,-2.8,2.3,female,25.8,0.0,0.0,0.0,NoGlasses,0.0,0.0,0.0,0.0,0.0,0.994,0.005,0.0,low,0.0,goodExposure,0.67,low,0.0,True,True,False,False,False,0.01,False
0.004,0.0,-12.5,-22.0,male,22.5,0.0,0.1,0.0,NoGlasses,0.053,0.01,0.016,0.003,0.004,0.843,0.063,0.007,medium,0.36,goodExposure,0.55,medium,0.6,True,True,False,False,False,0.01,False
0.0,0.0,0.3,-3.6,female,27.0,0.0,0.0,0.0,NoGlasses,0.0,0.004,0.0,0.0,0.0,0.99,0.006,0.0,medium,0.31,goodExposure,0.64,low,0.0,False,False,False,False,False,0.05,False
0.001,0.0,12.8,12.0,female,24.5,0.0,0.0,0.0,NoGlasses,0.0,0.0,0.0,0.007,0.001,0.794,0.189,0.008,high,0.88,goodExposure,0.51,low,0.0,True,True,False,False,False,0.56,False
0.941,0.0,8.5,-16.3,male,24.9,0.0,0.1,0.0,NoGlasses,0.0,0.0,0.0,0.0,0.941,0.058,0.0,0.0,medium,0.43,overExposure,0.76,medium,0.33,False,True,False,False,False,0.01,False
0.0,0.0,-3.3,2.1,male,49.3,0.6,0.5,0.2,NoGlasses,0.007,0.006,0.002,0.0,0.0,0.96,0.024,0.0,medium,0.53,goodExposure,0.65,medium,0.33,False,False,False,False,False,0.01,False
0.001,0.0,-4.6,-4.3,female,21.1,0.0,0.0,0.0,NoGlasses,0.004,0.015,0.002,0.0,0.001,0.966,0.012,0.001,low,0.07,goodExposure,0.56,low,0.0,False,False,False,False,False,0.01,False
0.0,0.0,11.5,-1.0,female,27.2,0.0,0.0,0.0,NoGlasses,0.002,0.003,0.0,0.0,0.0,0.981,0.012,0.001,low,0.0,goodExposure,0.38,low,0.26,True,False,False,False,False,0.0,False
0.0,0.0,-9.1,-4.1,male,62.0,0.0,0.0,0.0,NoGlasses,0.012,0.003,0.001,0.0,0.0,0.978,0.0,0.006,low,0.14,goodExposure,0.72,low,0.0,False,False,False,False,False,0.02,False
0.0,0.0,0.0,4.8,male,20.7,0.2,0.1,0.1,NoGlasses,0.0,0.0,0.0,0.0,0.0,0.998,0.001,0.0,medium,0.68,goodExposure,0.6,low,0.0,True,True,False,False,False,0.01,False
0.582,0.0,4.2,8.6,male,34.6,0.5,0.4,0.3,NoGlasses,0.0,0.214,0.001,0.0,0.582,0.195,0.007,0.002,medium,0.55,goodExposure,0.45,high,0.86,False,False,False,False,False,0.01,False
0.856,0.0,-4.2,-12.8,male,51.6,0.6,0.9,0.3,NoGlasses,0.026,0.009,0.013,0.001,0.856,0.087,0.008,0.0,medium,0.45,overExposure,0.77,low,0.24,False,False,False,False,False,0.96,False
0.0,0.0,-1.9,5.7,male,74.5,0.1,0.0,0.0,ReadingGlasses,0.0,0.004,0.0,0.0,0.0,0.909,0.018,0.068,medium,0.37,goodExposure,0.72,low,0.2,False,False,False,False,False,0.04,False
1.0,0.0,3.9,2.4,male,32.3,0.5,0.4,0.1,NoGlasses,0.0,0.0,0.0,0.0,1.0,0.0,0.0,0.0,low,0.16,goodExposure,0.3,low,0.11,False,True,False,False,False,0.07,False
0.273,0.0,0.0,-16.6,female,42.4,0.0,0.0,0.0,NoGlasses,0.045,0.007,0.079,0.021,0.273,0.223,0.328,0.024,medium,0.47,goodExposure,0.56,low,0.0,True,True,False,False,False,0.0,False
0.169,0.0,-1.5,-11.4,male,43.9,0.1,0.2,0.1,NoGlasses,0.012,0.002,0.005,0.0,0.169,0.311,0.001,0.501,medium,0.33,goodExposure,0.55,low,0.18,False,False,False,False,False,0.04,False
0.002,0.0,2.1,-0.2,female,24.8,0.0,0.0,0.0,NoGlasses,0.001,0.0,0.001,0.0,0.002,0.969,0.025,0.001,high,1.0,goodExposure,0.46,high,1.0,False,False,False,True,False,0.07,False
0.002,0.0,2.4,-2.2,male,37.1,0.5,0.5,0.1,NoGlasses,0.002,0.124,0.001,0.0,0.002,0.869,0.002,0.0,medium,0.54,goodExposure,0.53,medium,0.62,False,False,False,False,False,0.3,False
0.975,0.0,24.4,-12.2,female,38.6,0.0,0.0,0.0,NoGlasses,0.001,0.001,0.003,0.005,0.975,0.007,0.007,0.001,low,0.0,goodExposure,0.51,low,0.0,True,True,False,False,False,0.01,False
0.0,0.0,-8.6,9.4,male,34.9,0.3,0.5,0.3,NoGlasses,0.0,0.014,0.025,0.001,0.0,0.585,0.367,0.008,low,0.11,overExposure,0.83,low,0.19,True,False,False,False,False,0.01,False
0.0,0.0,-4.1,-1.0,male,27.7,0.2,0.3,0.5,NoGlasses,0.0,0.001,0.0,0.0,0.0,0.981,0.018,0.0,medium,0.6,overExposure,0.77,medium,0.47,False,False,False,False,False,0.02,False
0.198,0.0,-4.7,2.5,male,32.3,0.5,0.2,0.3,NoGlasses,0.73,0.0,0.022,0.004,0.198,0.006,0.004,0.036,low,0.0,goodExposure,0.65,low,0.0,False,False,False,False,False,0.0,False
0.0,0.0,1.7,-0.9,female,39.3,0.0,0.0,0.0,NoGlasses,0.0,0.006,0.0,0.0,0.0,0.945,0.049,0.0,medium,0.36,goodExposure,0.68,medium,0.42,True,False,False,False,False,0.01,False
0.809,0.0,18.3,-0.2,male,77.2,0.7,1.0,0.6,NoGlasses,0.0,0.003,0.001,0.0,0.809,0.186,0.001,0.0,low,0.0,goodExposure,0.67,low,0.0,False,False,False,False,False,0.01,False
0.0,0.0,-7.0,-3.8,male,33.4,0.6,0.8,0.7,NoGlasses,0.0,0.001,0.0,0.0,0.0,0.998,0.001,0.0,medium,0.3,goodExposure,0.51,medium,0.4,False,False,False,False,False,0.02,False
0.338,0.0,-0.3,6.0,male,42.2,0.3,0.2,0.2,NoGlasses,0.0,0.005,0.0,0.0,0.338,0.656,0.0,0.0,medium,0.72,goodExposure,0.64,low,0.26,False,False,False,False,False,0.02,False
0.0,0.0,-6.2,-0.9,male,28.0,0.1,0.2,0.2,NoGlasses,0.0,0.0,0.0,0.0,0.0,0.993,0.007,0.0,low,0.23,overExposure,0.81,low,0.29,False,False,False,False,False,0.98,False
1.0,0.0,-0.1,24.2,female,49.9,0.0,0.0,0.0,NoGlasses,0.0,0.0,0.0,0.0,1.0,0.0,0.0,0.0,low,0.08,goodExposure,0.71,low,0.17,True,True,False,False,False,0.05,False
0.278,0.0,3.2,-2.7,female,41.1,0.0,0.0,0.0,NoGlasses,0.0,0.005,0.001,0.001,0.278,0.687,0.023,0.006,low,0.14,goodExposure,0.5,low,0.0,False,False,False,False,False,0.01,False
0.0,0.0,-7.1,18.7,female,23.3,0.0,0.0,0.0,NoGlasses,0.001,0.0,0.0,0.0,0.0,0.319,0.68,0.0,low,0.0,goodExposure,0.65,low,0.0,True,True,False,True,False,0.0,False
0.0,0.0,-0.5,-0.1,female,27.0,0.0,0.0,0.0,NoGlasses,0.0,0.001,0.0,0.0,0.0,0.908,0.09,0.0,medium,0.64,goodExposure,0.67,medium,0.47,False,True,False,False,False,0.03,False
0.002,0.0,-0.3,2.1,male,13.1,0.0,0.0,0.0,NoGlasses,0.002,0.001,0.001,0.0,0.002,0.907,0.003,0.084,medium,0.3,goodExposure,0.58,low,0.0,False,True,False,False,False,0.43,False
0.0,0.0,3.0,-6.9,male,32.0,0.6,0.3,0.3,NoGlasses,0.0,0.001,0.0,0.0,0.0,0.994,0.005,0.0,low,0.0,goodExposure,0.58,low,0.0,False,False,False,False,False,1.0,False
0.0,0.0,12.6,-25.4,male,56.6,0.1,0.2,0.0,NoGlasses,0.0,0.163,0.023,0.0,0.0,0.022,0.792,0.0,medium,0.37,goodExposure,0.57,low,0.26,False,False,False,False,False,0.02,False
0.014,0.0,-2.3,-26.1,male,46.0,0.2,0.1,0.2,ReadingGlasses,0.015,0.003,0.007,0.003,0.014,0.472,0.004,0.481,high,0.8,goodExposure,0.49,low,0.2,False,False,False,False,False,0.96,False
0.353,0.0,-8.4,-7.9,male,39.9,0.0,0.0,0.0,NoGlasses,0.0,0.008,0.003,0.0,0.353,0.615,0.018,0.004,low,0.12,goodExposure,0.61,low,0.0,False,False,False,False,False,0.07,False
0.0,0.0,-2.7,-4.3,male,23.8,0.0,0.3,0.2,NoGlasses,0.0,0.0,0.0,0.0,0.0,0.995,0.004,0.0,medium,0.29,goodExposure,0.66,low,0.07,False,False,False,False,False,0.61,False
0.012,0.0,-1.8,22.6,male,30.3,0.3,0.2,0.1,NoGlasses,0.105,0.008,0.076,0.014,0.012,0.395,0.154,0.237,medium,0.48,goodExposure,0.67,medium,0.48,True,False,False,False,False,0.0,False
0.001,0.0,0.0,-0.3,male,48.8,0.2,0.4,0.1,ReadingGlasses,0.001,0.003,0.001,0.0,0.001,0.993,0.002,0.0,low,0.0,goodExposure,0.66,medium,0.55,False,False,False,False,False,0.02,False
0.009,0.0,0.6,2.2,male,47.9,0.2,0.4,0.1,ReadingGlasses,0.0,0.002,0.001,0.0,0.009,0.987,0.0,0.001,medium,0.55,goodExposure,0.68,medium,0.47,False,False,False,False,False,0.02,False
0.919,0.0,-2.6,-4.0,male,49.8,0.1,0.2,0.1,NoGlasses,0.001,0.003,0.003,0.0,0.919,0.072,0.002,0.0,low,0.15,goodExposure,0.66,high,0.76,False,False,False,False,False,1.0,False
0.531,0.0,-1.3,2.1,male,39.4,0.6,0.5,0.3,NoGlasses,0.0,0.002,0.0,0.0,0.531,0.467,0.0,0.0,low,0.16,overExposure,0.94,high,0.85,True,False,False,False,False,0.0,False
